_start,_stop,_time,_value,_field,_measurement,child,parent
2024-10-07T13:58:14.815293004Z,2024-11-06T13:58:14.815293004Z,2024-10-28T17:30:48.704Z,1677565722,child,Tracking_comp,1677565722,Printer_1
2024-10-07T13:58:14.815293004Z,2024-11-06T13:58:14.815293004Z,2024-10-28T18:48:41.215Z,1677565722,child,Tracking_comp,1677565722,Printer_1
2024-10-07T13:58:14.815293004Z,2024-11-06T13:58:14.815293004Z,2024-10-28T18:52:48.12Z,1677565722,child,Tracking_comp,1677565722,Printer_1
2024-10-07T13:58:14.815293004Z,2024-11-06T13:58:14.815293004Z,2024-10-28T19:31:16.893Z,1677565722,child,Tracking_comp,1677565722,Printer_1
2024-10-07T13:58:14.815293004Z,2024-11-06T13:58:14.815293004Z,2024-10-28T17:30:48.704Z,Printer_1,parent,Tracking_comp,1677565722,Printer_1
2024-10-07T13:58:14.815293004Z,2024-11-06T13:58:14.815293004Z,2024-10-28T18:48:41.215Z,Printer_1,parent,Tracking_comp,1677565722,Printer_1
2024-10-07T13:58:14.815293004Z,2024-11-06T13:58:14.815293004Z,2024-10-28T18:52:48.12Z,Printer_1,parent,Tracking_comp,1677565722,Printer_1
2024-10-07T13:58:14.815293004Z,2024-11-06T13:58:14.815293004Z,2024-10-28T19:31:16.893Z,Printer_1,parent,Tracking_comp,1677565722,Printer_1
2024-10-07T13:58:14.815293004Z,2024-11-06T13:58:14.815293004Z,2024-10-28T20:06:09.004Z,1677565722,child,Tracking_comp,1677565722,Printer_10
2024-10-07T13:58:14.815293004Z,2024-11-06T13:58:14.815293004Z,2024-10-28T20:06:09.004Z,Printer_10,parent,Tracking_comp,1677565722,Printer_10
2024-10-07T13:58:14.815293004Z,2024-11-06T13:58:14.815293004Z,2024-10-28T18:52:57.605Z,1677565722,child,Tracking_comp,1677565722,Printer_2
2024-10-07T13:58:14.815293004Z,2024-11-06T13:58:14.815293004Z,2024-10-28T19:35:18.79Z,1677565722,child,Tracking_comp,1677565722,Printer_2
2024-10-07T13:58:14.815293004Z,2024-11-06T13:58:14.815293004Z,2024-10-28T20:17:40.763Z,1677565722,child,Tracking_comp,1677565722,Printer_2
2024-10-07T13:58:14.815293004Z,2024-11-06T13:58:14.815293004Z,2024-10-28T18:52:57.605Z,Printer_2,parent,Tracking_comp,1677565722,Printer_2
2024-10-07T13:58:14.815293004Z,2024-11-06T13:58:14.815293004Z,2024-10-28T19:35:18.79Z,Printer_2,parent,Tracking_comp,1677565722,Printer_2
2024-10-07T13:58:14.815293004Z,2024-11-06T13:58:14.815293004Z,2024-10-28T20:17:40.763Z,Printer_2,parent,Tracking_comp,1677565722,Printer_2
2024-10-07T13:58:14.815293004Z,2024-11-06T13:58:14.815293004Z,2024-10-28T17:40:24.253Z,1677565722,child,Tracking_comp,1677565722,Printer_3
2024-10-07T13:58:14.815293004Z,2024-11-06T13:58:14.815293004Z,2024-10-28T18:56:42.102Z,1677565722,child,Tracking_comp,1677565722,Printer_3
2024-10-07T13:58:14.815293004Z,2024-11-06T13:58:14.815293004Z,2024-10-28T19:38:51.604Z,1677565722,child,Tracking_comp,1677565722,Printer_3
2024-10-07T13:58:14.815293004Z,2024-11-06T13:58:14.815293004Z,2024-10-28T17:40:24.253Z,Printer_3,parent,Tracking_comp,1677565722,Printer_3
2024-10-07T13:58:14.815293004Z,2024-11-06T13:58:14.815293004Z,2024-10-28T18:56:42.102Z,Printer_3,parent,Tracking_comp,1677565722,Printer_3
2024-10-07T13:58:14.815293004Z,2024-11-06T13:58:14.815293004Z,2024-10-28T19:38:51.604Z,Printer_3,parent,Tracking_comp,1677565722,Printer_3
2024-10-07T13:58:14.815293004Z,2024-11-06T13:58:14.815293004Z,2024-10-28T17:44:31.433Z,1677565722,child,Tracking_comp,1677565722,Printer_4
2024-10-07T13:58:14.815293004Z,2024-11-06T13:58:14.815293004Z,2024-10-28T19:00:35.142Z,1677565722,child,Tracking_comp,1677565722,Printer_4
2024-10-07T13:58:14.815293004Z,2024-11-06T13:58:14.815293004Z,2024-10-28T19:42:59.756Z,1677565722,child,Tracking_comp,1677565722,Printer_4
2024-10-07T13:58:14.815293004Z,2024-11-06T13:58:14.815293004Z,2024-10-28T20:25:18.391Z,1677565722,child,Tracking_comp,1677565722,Printer_4
2024-10-07T13:58:14.815293004Z,2024-11-06T13:58:14.815293004Z,2024-10-28T17:44:31.433Z,Printer_4,parent,Tracking_comp,1677565722,Printer_4
2024-10-07T13:58:14.815293004Z,2024-11-06T13:58:14.815293004Z,2024-10-28T19:00:35.142Z,Printer_4,parent,Tracking_comp,1677565722,Printer_4
2024-10-07T13:58:14.815293004Z,2024-11-06T13:58:14.815293004Z,2024-10-28T19:42:59.756Z,Printer_4,parent,Tracking_comp,1677565722,Printer_4
2024-10-07T13:58:14.815293004Z,2024-11-06T13:58:14.815293004Z,2024-10-28T20:25:18.391Z,Printer_4,parent,Tracking_comp,1677565722,Printer_4
2024-10-07T13:58:14.815293004Z,2024-11-06T13:58:14.815293004Z,2024-10-28T19:04:45.713Z,1677565722,child,Tracking_comp,1677565722,Printer_5
2024-10-07T13:58:14.815293004Z,2024-11-06T13:58:14.815293004Z,2024-10-28T19:47:17.833Z,1677565722,child,Tracking_comp,1677565722,Printer_5
2024-10-07T13:58:14.815293004Z,2024-11-06T13:58:14.815293004Z,2024-10-28T20:29:01.44Z,1677565722,child,Tracking_comp,1677565722,Printer_5
2024-10-07T13:58:14.815293004Z,2024-11-06T13:58:14.815293004Z,2024-10-28T19:04:45.713Z,Printer_5,parent,Tracking_comp,1677565722,Printer_5
2024-10-07T13:58:14.815293004Z,2024-11-06T13:58:14.815293004Z,2024-10-28T19:47:17.833Z,Printer_5,parent,Tracking_comp,1677565722,Printer_5
2024-10-07T13:58:14.815293004Z,2024-11-06T13:58:14.815293004Z,2024-10-28T20:29:01.44Z,Printer_5,parent,Tracking_comp,1677565722,Printer_5
2024-10-07T13:58:14.815293004Z,2024-11-06T13:58:14.815293004Z,2024-10-28T17:49:25.644Z,1677565722,child,Tracking_comp,1677565722,Printer_6
2024-10-07T13:58:14.815293004Z,2024-11-06T13:58:14.815293004Z,2024-10-28T17:52:30.454Z,1677565722,child,Tracking_comp,1677565722,Printer_6
2024-10-07T13:58:14.815293004Z,2024-11-06T13:58:14.815293004Z,2024-10-28T19:07:58Z,1677565722,child,Tracking_comp,1677565722,Printer_6
2024-10-07T13:58:14.815293004Z,2024-11-06T13:58:14.815293004Z,2024-10-28T19:51:07.227Z,1677565722,child,Tracking_comp,1677565722,Printer_6
2024-10-07T13:58:14.815293004Z,2024-11-06T13:58:14.815293004Z,2024-10-28T20:32:24.728Z,1677565722,child,Tracking_comp,1677565722,Printer_6
2024-10-07T13:58:14.815293004Z,2024-11-06T13:58:14.815293004Z,2024-10-28T17:49:25.644Z,Printer_6,parent,Tracking_comp,1677565722,Printer_6
2024-10-07T13:58:14.815293004Z,2024-11-06T13:58:14.815293004Z,2024-10-28T17:52:30.454Z,Printer_6,parent,Tracking_comp,1677565722,Printer_6
2024-10-07T13:58:14.815293004Z,2024-11-06T13:58:14.815293004Z,2024-10-28T19:07:58Z,Printer_6,parent,Tracking_comp,1677565722,Printer_6
2024-10-07T13:58:14.815293004Z,2024-11-06T13:58:14.815293004Z,2024-10-28T19:51:07.227Z,Printer_6,parent,Tracking_comp,1677565722,Printer_6
2024-10-07T13:58:14.815293004Z,2024-11-06T13:58:14.815293004Z,2024-10-28T20:32:24.728Z,Printer_6,parent,Tracking_comp,1677565722,Printer_6
2024-10-07T13:58:14.815293004Z,2024-11-06T13:58:14.815293004Z,2024-10-28T17:56:29.758Z,1677565722,child,Tracking_comp,1677565722,Printer_7
2024-10-07T13:58:14.815293004Z,2024-11-06T13:58:14.815293004Z,2024-10-28T19:12:13.714Z,1677565722,child,Tracking_comp,1677565722,Printer_7
2024-10-07T13:58:14.815293004Z,2024-11-06T13:58:14.815293004Z,2024-10-28T19:54:41.988Z,1677565722,child,Tracking_comp,1677565722,Printer_7
2024-10-07T13:58:14.815293004Z,2024-11-06T13:58:14.815293004Z,2024-10-28T20:36:29.048Z,1677565722,child,Tracking_comp,1677565722,Printer_7
2024-10-07T13:58:14.815293004Z,2024-11-06T13:58:14.815293004Z,2024-10-28T17:56:29.758Z,Printer_7,parent,Tracking_comp,1677565722,Printer_7
2024-10-07T13:58:14.815293004Z,2024-11-06T13:58:14.815293004Z,2024-10-28T19:12:13.714Z,Printer_7,parent,Tracking_comp,1677565722,Printer_7
2024-10-07T13:58:14.815293004Z,2024-11-06T13:58:14.815293004Z,2024-10-28T19:54:41.988Z,Printer_7,parent,Tracking_comp,1677565722,Printer_7
2024-10-07T13:58:14.815293004Z,2024-11-06T13:58:14.815293004Z,2024-10-28T20:36:29.048Z,Printer_7,parent,Tracking_comp,1677565722,Printer_7
2024-10-07T13:58:14.815293004Z,2024-11-06T13:58:14.815293004Z,2024-10-28T17:59:40.58Z,1677565722,child,Tracking_comp,1677565722,Printer_8
2024-10-07T13:58:14.815293004Z,2024-11-06T13:58:14.815293004Z,2024-10-28T19:16:21.073Z,1677565722,child,Tracking_comp,1677565722,Printer_8
2024-10-07T13:58:14.815293004Z,2024-11-06T13:58:14.815293004Z,2024-10-28T19:58:22.377Z,1677565722,child,Tracking_comp,1677565722,Printer_8
2024-10-07T13:58:14.815293004Z,2024-11-06T13:58:14.815293004Z,2024-10-28T20:40:44.306Z,1677565722,child,Tracking_comp,1677565722,Printer_8
2024-10-07T13:58:14.815293004Z,2024-11-06T13:58:14.815293004Z,2024-10-28T17:59:40.58Z,Printer_8,parent,Tracking_comp,1677565722,Printer_8
2024-10-07T13:58:14.815293004Z,2024-11-06T13:58:14.815293004Z,2024-10-28T19:16:21.073Z,Printer_8,parent,Tracking_comp,1677565722,Printer_8
2024-10-07T13:58:14.815293004Z,2024-11-06T13:58:14.815293004Z,2024-10-28T19:58:22.377Z,Printer_8,parent,Tracking_comp,1677565722,Printer_8
2024-10-07T13:58:14.815293004Z,2024-11-06T13:58:14.815293004Z,2024-10-28T20:40:44.306Z,Printer_8,parent,Tracking_comp,1677565722,Printer_8
2024-10-07T13:58:14.815293004Z,2024-11-06T13:58:14.815293004Z,2024-10-28T19:19:53.062Z,1677565722,child,Tracking_comp,1677565722,Printer_9
2024-10-07T13:58:14.815293004Z,2024-11-06T13:58:14.815293004Z,2024-10-28T20:01:43.184Z,1677565722,child,Tracking_comp,1677565722,Printer_9
2024-10-07T13:58:14.815293004Z,2024-11-06T13:58:14.815293004Z,2024-10-28T19:19:53.062Z,Printer_9,parent,Tracking_comp,1677565722,Printer_9
2024-10-07T13:58:14.815293004Z,2024-11-06T13:58:14.815293004Z,2024-10-28T20:01:43.184Z,Printer_9,parent,Tracking_comp,1677565722,Printer_9
2024-10-07T13:58:14.815293004Z,2024-11-06T13:58:14.815293004Z,2024-10-28T13:23:18.89Z,2199003780,child,Tracking_comp,2199003780,Printer_10
2024-10-07T13:58:14.815293004Z,2024-11-06T13:58:14.815293004Z,2024-10-28T13:23:18.89Z,Printer_10,parent,Tracking_comp,2199003780,Printer_10
2024-10-07T13:58:14.815293004Z,2024-11-06T13:58:14.815293004Z,2024-10-28T13:03:58.504Z,2199003780,child,Tracking_comp,2199003780,Printer_2
2024-10-07T13:58:14.815293004Z,2024-11-06T13:58:14.815293004Z,2024-10-28T13:03:58.504Z,Printer_2,parent,Tracking_comp,2199003780,Printer_2
2024-10-07T13:58:14.815293004Z,2024-11-06T13:58:14.815293004Z,2024-10-28T13:06:29.93Z,2199003780,child,Tracking_comp,2199003780,Printer_3
2024-10-07T13:58:14.815293004Z,2024-11-06T13:58:14.815293004Z,2024-10-28T13:06:29.93Z,Printer_3,parent,Tracking_comp,2199003780,Printer_3
2024-10-07T13:58:14.815293004Z,2024-11-06T13:58:14.815293004Z,2024-10-28T13:08:23.251Z,2199003780,child,Tracking_comp,2199003780,Printer_4
2024-10-07T13:58:14.815293004Z,2024-11-06T13:58:14.815293004Z,2024-10-28T13:08:23.251Z,Printer_4,parent,Tracking_comp,2199003780,Printer_4
2024-10-07T13:58:14.815293004Z,2024-11-06T13:58:14.815293004Z,2024-10-28T13:11:00.779Z,2199003780,child,Tracking_comp,2199003780,Printer_5
2024-10-07T13:58:14.815293004Z,2024-11-06T13:58:14.815293004Z,2024-10-28T13:11:00.779Z,Printer_5,parent,Tracking_comp,2199003780,Printer_5
2024-10-07T13:58:14.815293004Z,2024-11-06T13:58:14.815293004Z,2024-10-28T13:13:56.117Z,2199003780,child,Tracking_comp,2199003780,Printer_6
2024-10-07T13:58:14.815293004Z,2024-11-06T13:58:14.815293004Z,2024-10-28T13:13:56.117Z,Printer_6,parent,Tracking_comp,2199003780,Printer_6
2024-10-07T13:58:14.815293004Z,2024-11-06T13:58:14.815293004Z,2024-10-28T13:17:13.017Z,2199003780,child,Tracking_comp,2199003780,Printer_7
2024-10-07T13:58:14.815293004Z,2024-11-06T13:58:14.815293004Z,2024-10-28T13:17:13.017Z,Printer_7,parent,Tracking_comp,2199003780,Printer_7
2024-10-07T13:58:14.815293004Z,2024-11-06T13:58:14.815293004Z,2024-10-28T13:19:26.036Z,2199003780,child,Tracking_comp,2199003780,Printer_8
2024-10-07T13:58:14.815293004Z,2024-11-06T13:58:14.815293004Z,2024-10-28T13:19:26.036Z,Printer_8,parent,Tracking_comp,2199003780,Printer_8
2024-10-07T13:58:14.815293004Z,2024-11-06T13:58:14.815293004Z,2024-10-28T13:21:14.347Z,2199003780,child,Tracking_comp,2199003780,Printer_9
2024-10-07T13:58:14.815293004Z,2024-11-06T13:58:14.815293004Z,2024-10-28T13:21:14.347Z,Printer_9,parent,Tracking_comp,2199003780,Printer_9
2024-10-07T13:58:14.815293004Z,2024-11-06T13:58:14.815293004Z,2024-10-28T14:37:29.795Z,2546161408,child,Tracking_comp,2546161408,2546161408
2024-10-07T13:58:14.815293004Z,2024-11-06T13:58:14.815293004Z,2024-10-28T14:42:34.928Z,2546161408,child,Tracking_comp,2546161408,2546161408
2024-10-07T13:58:14.815293004Z,2024-11-06T13:58:14.815293004Z,2024-10-28T14:37:29.795Z,2546161408,parent,Tracking_comp,2546161408,2546161408
2024-10-07T13:58:14.815293004Z,2024-11-06T13:58:14.815293004Z,2024-10-28T14:42:34.928Z,2546161408,parent,Tracking_comp,2546161408,2546161408
2024-10-07T13:58:14.815293004Z,2024-11-06T13:58:14.815293004Z,2024-10-28T16:25:26.986Z,2546161408,child,Tracking_comp,2546161408,Printer_7
2024-10-07T13:58:14.815293004Z,2024-11-06T13:58:14.815293004Z,2024-10-28T16:25:26.986Z,Printer_7,parent,Tracking_comp,2546161408,Printer_7
2024-10-07T13:58:14.815293004Z,2024-11-06T13:58:14.815293004Z,2024-10-28T14:18:14.024Z,3DOR10001,child,Tracking_comp,3DOR10001,ORBOX0014
2024-10-07T13:58:14.815293004Z,2024-11-06T13:58:14.815293004Z,2024-10-28T14:18:14.024Z,ORBOX0014,parent,Tracking_comp,3DOR10001,ORBOX0014
2024-10-07T13:58:14.815293004Z,2024-11-06T13:58:14.815293004Z,2024-10-28T13:36:46.396Z,3DOR10001,child,Tracking_comp,3DOR10001,Printer_1
2024-10-07T13:58:14.815293004Z,2024-11-06T13:58:14.815293004Z,2024-10-28T13:36:46.396Z,Printer_1,parent,Tracking_comp,3DOR10001,Printer_1
2024-10-07T13:58:14.815293004Z,2024-11-06T13:58:14.815293004Z,2024-10-28T14:17:23.994Z,3DOR100010,child,Tracking_comp,3DOR100010,ORBOX00116
2024-10-07T13:58:14.815293004Z,2024-11-06T13:58:14.815293004Z,2024-10-28T14:17:23.994Z,ORBOX00116,parent,Tracking_comp,3DOR100010,ORBOX00116
2024-10-07T13:58:14.815293004Z,2024-11-06T13:58:14.815293004Z,2024-10-28T14:14:05.072Z,3DOR100010,child,Tracking_comp,3DOR100010,Printer_10
2024-10-07T13:58:14.815293004Z,2024-11-06T13:58:14.815293004Z,2024-10-28T14:14:05.072Z,Printer_10,parent,Tracking_comp,3DOR100010,Printer_10
2024-10-07T13:58:14.815293004Z,2024-11-06T13:58:14.815293004Z,2024-10-28T21:30:22.248Z,3DOR1000100,child,Tracking_comp,3DOR1000100,ORBOX0019
2024-10-07T13:58:14.815293004Z,2024-11-06T13:58:14.815293004Z,2024-10-28T21:30:22.248Z,ORBOX0019,parent,Tracking_comp,3DOR1000100,ORBOX0019
2024-10-07T13:58:14.815293004Z,2024-11-06T13:58:14.815293004Z,2024-10-28T21:28:51.46Z,3DOR1000100,child,Tracking_comp,3DOR1000100,Printer_10
2024-10-07T13:58:14.815293004Z,2024-11-06T13:58:14.815293004Z,2024-10-28T21:28:51.46Z,Printer_10,parent,Tracking_comp,3DOR1000100,Printer_10
2024-10-07T13:58:14.815293004Z,2024-11-06T13:58:14.815293004Z,2024-10-28T20:48:21.065Z,3DOR1000103,child,Tracking_comp,3DOR1000103,3DOR100082
2024-10-07T13:58:14.815293004Z,2024-11-06T13:58:14.815293004Z,2024-10-28T20:48:21.065Z,3DOR100082,parent,Tracking_comp,3DOR1000103,3DOR100082
2024-10-07T13:58:14.815293004Z,2024-11-06T13:58:14.815293004Z,2024-10-28T20:19:23.324Z,3DOR1000103,child,Tracking_comp,3DOR1000103,Printer_2
2024-10-07T13:58:14.815293004Z,2024-11-06T13:58:14.815293004Z,2024-10-28T20:19:23.324Z,Printer_2,parent,Tracking_comp,3DOR1000103,Printer_2
2024-10-07T13:58:14.815293004Z,2024-11-06T13:58:14.815293004Z,2024-10-28T15:00:28.822Z,3DOR100011,child,Tracking_comp,3DOR100011,ORBOX0013
2024-10-07T13:58:14.815293004Z,2024-11-06T13:58:14.815293004Z,2024-10-28T15:00:28.822Z,ORBOX0013,parent,Tracking_comp,3DOR100011,ORBOX0013
2024-10-07T13:58:14.815293004Z,2024-11-06T13:58:14.815293004Z,2024-10-28T14:20:11.385Z,3DOR100011,child,Tracking_comp,3DOR100011,Printer_1
2024-10-07T13:58:14.815293004Z,2024-11-06T13:58:14.815293004Z,2024-10-28T14:20:11.385Z,Printer_1,parent,Tracking_comp,3DOR100011,Printer_1
2024-10-07T13:58:14.815293004Z,2024-11-06T13:58:14.815293004Z,2024-10-28T15:01:12.801Z,3DOR100012,child,Tracking_comp,3DOR100012,ORBOX0011
2024-10-07T13:58:14.815293004Z,2024-11-06T13:58:14.815293004Z,2024-10-28T15:01:13.331Z,3DOR100012,child,Tracking_comp,3DOR100012,ORBOX0011
2024-10-07T13:58:14.815293004Z,2024-11-06T13:58:14.815293004Z,2024-10-28T15:01:12.801Z,ORBOX0011,parent,Tracking_comp,3DOR100012,ORBOX0011
2024-10-07T13:58:14.815293004Z,2024-11-06T13:58:14.815293004Z,2024-10-28T15:01:13.331Z,ORBOX0011,parent,Tracking_comp,3DOR100012,ORBOX0011
2024-10-07T13:58:14.815293004Z,2024-11-06T13:58:14.815293004Z,2024-10-28T14:24:53.79Z,3DOR100012,child,Tracking_comp,3DOR100012,Printer_2
2024-10-07T13:58:14.815293004Z,2024-11-06T13:58:14.815293004Z,2024-10-28T14:24:53.79Z,Printer_2,parent,Tracking_comp,3DOR100012,Printer_2
2024-10-07T13:58:14.815293004Z,2024-11-06T13:58:14.815293004Z,2024-10-28T15:01:12.239Z,3DOR100013,child,Tracking_comp,3DOR100013,ORBOX0011
2024-10-07T13:58:14.815293004Z,2024-11-06T13:58:14.815293004Z,2024-10-28T15:01:12.239Z,ORBOX0011,parent,Tracking_comp,3DOR100013,ORBOX0011
2024-10-07T13:58:14.815293004Z,2024-11-06T13:58:14.815293004Z,2024-10-28T14:28:55.17Z,3DOR100013,child,Tracking_comp,3DOR100013,Printer_3
2024-10-07T13:58:14.815293004Z,2024-11-06T13:58:14.815293004Z,2024-10-28T14:28:55.17Z,Printer_3,parent,Tracking_comp,3DOR100013,Printer_3
2024-10-07T13:58:14.815293004Z,2024-11-06T13:58:14.815293004Z,2024-10-28T15:00:32.095Z,3DOR100014,child,Tracking_comp,3DOR100014,ORBOX0013
2024-10-07T13:58:14.815293004Z,2024-11-06T13:58:14.815293004Z,2024-10-28T15:00:32.095Z,ORBOX0013,parent,Tracking_comp,3DOR100014,ORBOX0013
2024-10-07T13:58:14.815293004Z,2024-11-06T13:58:14.815293004Z,2024-10-28T14:32:45.745Z,3DOR100014,child,Tracking_comp,3DOR100014,Printer_4
2024-10-07T13:58:14.815293004Z,2024-11-06T13:58:14.815293004Z,2024-10-28T14:32:45.745Z,Printer_4,parent,Tracking_comp,3DOR100014,Printer_4
2024-10-07T13:58:14.815293004Z,2024-11-06T13:58:14.815293004Z,2024-10-28T15:01:13.966Z,3DOR100015,child,Tracking_comp,3DOR100015,ORBOX0011
2024-10-07T13:58:14.815293004Z,2024-11-06T13:58:14.815293004Z,2024-10-28T15:01:13.966Z,ORBOX0011,parent,Tracking_comp,3DOR100015,ORBOX0011
2024-10-07T13:58:14.815293004Z,2024-11-06T13:58:14.815293004Z,2024-10-28T14:36:36.755Z,3DOR100015,child,Tracking_comp,3DOR100015,Printer_5
2024-10-07T13:58:14.815293004Z,2024-11-06T13:58:14.815293004Z,2024-10-28T14:36:36.755Z,Printer_5,parent,Tracking_comp,3DOR100015,Printer_5
2024-10-07T13:58:14.815293004Z,2024-11-06T13:58:14.815293004Z,2024-10-28T14:40:29.986Z,3DOR100016,child,Tracking_comp,3DOR100016,Printer_6
2024-10-07T13:58:14.815293004Z,2024-11-06T13:58:14.815293004Z,2024-10-28T14:40:29.986Z,Printer_6,parent,Tracking_comp,3DOR100016,Printer_6
2024-10-07T13:58:14.815293004Z,2024-11-06T13:58:14.815293004Z,2024-10-28T15:00:31.227Z,3DOR100017,child,Tracking_comp,3DOR100017,ORBOX0013
2024-10-07T13:58:14.815293004Z,2024-11-06T13:58:14.815293004Z,2024-10-28T15:00:31.227Z,ORBOX0013,parent,Tracking_comp,3DOR100017,ORBOX0013
2024-10-07T13:58:14.815293004Z,2024-11-06T13:58:14.815293004Z,2024-10-28T14:44:12.571Z,3DOR100017,child,Tracking_comp,3DOR100017,Printer_7
2024-10-07T13:58:14.815293004Z,2024-11-06T13:58:14.815293004Z,2024-10-28T14:44:12.571Z,Printer_7,parent,Tracking_comp,3DOR100017,Printer_7
2024-10-07T13:58:14.815293004Z,2024-11-06T13:58:14.815293004Z,2024-10-28T15:00:29.681Z,3DOR100018,child,Tracking_comp,3DOR100018,ORBOX0013
2024-10-07T13:58:14.815293004Z,2024-11-06T13:58:14.815293004Z,2024-10-28T15:00:29.681Z,ORBOX0013,parent,Tracking_comp,3DOR100018,ORBOX0013
2024-10-07T13:58:14.815293004Z,2024-11-06T13:58:14.815293004Z,2024-10-28T14:49:59.944Z,3DOR100018,child,Tracking_comp,3DOR100018,Printer_8
2024-10-07T13:58:14.815293004Z,2024-11-06T13:58:14.815293004Z,2024-10-28T14:49:59.944Z,Printer_8,parent,Tracking_comp,3DOR100018,Printer_8
2024-10-07T13:58:14.815293004Z,2024-11-06T13:58:14.815293004Z,2024-10-28T15:00:30.59Z,3DOR100019,child,Tracking_comp,3DOR100019,ORBOX0013
2024-10-07T13:58:14.815293004Z,2024-11-06T13:58:14.815293004Z,2024-10-28T15:00:30.59Z,ORBOX0013,parent,Tracking_comp,3DOR100019,ORBOX0013
2024-10-07T13:58:14.815293004Z,2024-11-06T13:58:14.815293004Z,2024-10-28T14:54:40.986Z,3DOR100019,child,Tracking_comp,3DOR100019,Printer_9
2024-10-07T13:58:14.815293004Z,2024-11-06T13:58:14.815293004Z,2024-10-28T14:54:40.986Z,Printer_9,parent,Tracking_comp,3DOR100019,Printer_9
2024-10-07T13:58:14.815293004Z,2024-11-06T13:58:14.815293004Z,2024-10-28T14:17:21.333Z,3DOR10002,child,Tracking_comp,3DOR10002,ORBOX00116
2024-10-07T13:58:14.815293004Z,2024-11-06T13:58:14.815293004Z,2024-10-28T14:17:21.333Z,ORBOX00116,parent,Tracking_comp,3DOR10002,ORBOX00116
2024-10-07T13:58:14.815293004Z,2024-11-06T13:58:14.815293004Z,2024-10-28T13:41:15.265Z,3DOR10002,child,Tracking_comp,3DOR10002,Printer_2
2024-10-07T13:58:14.815293004Z,2024-11-06T13:58:14.815293004Z,2024-10-28T13:41:15.265Z,Printer_2,parent,Tracking_comp,3DOR10002,Printer_2
2024-10-07T13:58:14.815293004Z,2024-11-06T13:58:14.815293004Z,2024-10-28T15:01:11.66Z,3DOR100020,child,Tracking_comp,3DOR100020,ORBOX0011
2024-10-07T13:58:14.815293004Z,2024-11-06T13:58:14.815293004Z,2024-10-28T15:01:11.66Z,ORBOX0011,parent,Tracking_comp,3DOR100020,ORBOX0011
2024-10-07T13:58:14.815293004Z,2024-11-06T13:58:14.815293004Z,2024-10-28T14:58:58.168Z,3DOR100020,child,Tracking_comp,3DOR100020,Printer_10
2024-10-07T13:58:14.815293004Z,2024-11-06T13:58:14.815293004Z,2024-10-28T14:58:58.168Z,Printer_10,parent,Tracking_comp,3DOR100020,Printer_10
2024-10-07T13:58:14.815293004Z,2024-11-06T13:58:14.815293004Z,2024-10-28T15:53:13.682Z,3DOR100021,child,Tracking_comp,3DOR100021,ORBOX0017
2024-10-07T13:58:14.815293004Z,2024-11-06T13:58:14.815293004Z,2024-10-28T15:53:13.682Z,ORBOX0017,parent,Tracking_comp,3DOR100021,ORBOX0017
2024-10-07T13:58:14.815293004Z,2024-11-06T13:58:14.815293004Z,2024-10-28T15:12:00.289Z,3DOR100021,child,Tracking_comp,3DOR100021,Printer_1
2024-10-07T13:58:14.815293004Z,2024-11-06T13:58:14.815293004Z,2024-10-28T15:12:00.289Z,Printer_1,parent,Tracking_comp,3DOR100021,Printer_1
2024-10-07T13:58:14.815293004Z,2024-11-06T13:58:14.815293004Z,2024-10-28T15:53:18.876Z,3DOR100022,child,Tracking_comp,3DOR100022,ORBOX0017
2024-10-07T13:58:14.815293004Z,2024-11-06T13:58:14.815293004Z,2024-10-28T15:53:18.876Z,ORBOX0017,parent,Tracking_comp,3DOR100022,ORBOX0017
2024-10-07T13:58:14.815293004Z,2024-11-06T13:58:14.815293004Z,2024-10-28T15:15:57.161Z,3DOR100022,child,Tracking_comp,3DOR100022,Printer_2
2024-10-07T13:58:14.815293004Z,2024-11-06T13:58:14.815293004Z,2024-10-28T15:15:57.161Z,Printer_2,parent,Tracking_comp,3DOR100022,Printer_2
2024-10-07T13:58:14.815293004Z,2024-11-06T13:58:14.815293004Z,2024-10-28T15:53:12.713Z,3DOR100023,child,Tracking_comp,3DOR100023,ORBOX0017
2024-10-07T13:58:14.815293004Z,2024-11-06T13:58:14.815293004Z,2024-10-28T15:53:12.713Z,ORBOX0017,parent,Tracking_comp,3DOR100023,ORBOX0017
2024-10-07T13:58:14.815293004Z,2024-11-06T13:58:14.815293004Z,2024-10-28T15:20:07.638Z,3DOR100023,child,Tracking_comp,3DOR100023,Printer_3
2024-10-07T13:58:14.815293004Z,2024-11-06T13:58:14.815293004Z,2024-10-28T15:20:07.638Z,Printer_3,parent,Tracking_comp,3DOR100023,Printer_3
2024-10-07T13:58:14.815293004Z,2024-11-06T13:58:14.815293004Z,2024-10-28T15:53:15.185Z,3DOR100024,child,Tracking_comp,3DOR100024,ORBOX0017
2024-10-07T13:58:14.815293004Z,2024-11-06T13:58:14.815293004Z,2024-10-28T15:53:15.185Z,ORBOX0017,parent,Tracking_comp,3DOR100024,ORBOX0017
2024-10-07T13:58:14.815293004Z,2024-11-06T13:58:14.815293004Z,2024-10-28T15:24:20.715Z,3DOR100024,child,Tracking_comp,3DOR100024,Printer_4
2024-10-07T13:58:14.815293004Z,2024-11-06T13:58:14.815293004Z,2024-10-28T15:24:20.715Z,Printer_4,parent,Tracking_comp,3DOR100024,Printer_4
2024-10-07T13:58:14.815293004Z,2024-11-06T13:58:14.815293004Z,2024-10-28T15:52:19.551Z,3DOR100025,child,Tracking_comp,3DOR100025,3DOR100026
2024-10-07T13:58:14.815293004Z,2024-11-06T13:58:14.815293004Z,2024-10-28T15:52:19.551Z,3DOR100026,parent,Tracking_comp,3DOR100025,3DOR100026
2024-10-07T13:58:14.815293004Z,2024-11-06T13:58:14.815293004Z,2024-10-28T15:28:18.42Z,3DOR100025,child,Tracking_comp,3DOR100025,Printer_5
2024-10-07T13:58:14.815293004Z,2024-11-06T13:58:14.815293004Z,2024-10-28T15:28:18.42Z,Printer_5,parent,Tracking_comp,3DOR100025,Printer_5
2024-10-07T13:58:14.815293004Z,2024-11-06T13:58:14.815293004Z,2024-10-28T15:52:34.766Z,3DOR100026,child,Tracking_comp,3DOR100026,3DOR100026
2024-10-07T13:58:14.815293004Z,2024-11-06T13:58:14.815293004Z,2024-10-28T15:52:34.766Z,3DOR100026,parent,Tracking_comp,3DOR100026,3DOR100026
2024-10-07T13:58:14.815293004Z,2024-11-06T13:58:14.815293004Z,2024-10-28T15:32:58.718Z,3DOR100026,child,Tracking_comp,3DOR100026,Printer_6
2024-10-07T13:58:14.815293004Z,2024-11-06T13:58:14.815293004Z,2024-10-28T15:32:58.718Z,Printer_6,parent,Tracking_comp,3DOR100026,Printer_6
2024-10-07T13:58:14.815293004Z,2024-11-06T13:58:14.815293004Z,2024-10-28T15:52:20.842Z,3DOR100027,child,Tracking_comp,3DOR100027,3DOR100026
2024-10-07T13:58:14.815293004Z,2024-11-06T13:58:14.815293004Z,2024-10-28T15:52:20.842Z,3DOR100026,parent,Tracking_comp,3DOR100027,3DOR100026
2024-10-07T13:58:14.815293004Z,2024-11-06T13:58:14.815293004Z,2024-10-28T15:52:21.838Z,3DOR100028,child,Tracking_comp,3DOR100028,3DOR100026
2024-10-07T13:58:14.815293004Z,2024-11-06T13:58:14.815293004Z,2024-10-28T15:52:21.838Z,3DOR100026,parent,Tracking_comp,3DOR100028,3DOR100026
2024-10-07T13:58:14.815293004Z,2024-11-06T13:58:14.815293004Z,2024-10-28T15:41:58.28Z,3DOR100028,child,Tracking_comp,3DOR100028,Printer_8
2024-10-07T13:58:14.815293004Z,2024-11-06T13:58:14.815293004Z,2024-10-28T15:41:58.28Z,Printer_8,parent,Tracking_comp,3DOR100028,Printer_8
2024-10-07T13:58:14.815293004Z,2024-11-06T13:58:14.815293004Z,2024-10-28T15:52:22.577Z,3DOR100029,child,Tracking_comp,3DOR100029,3DOR100026
2024-10-07T13:58:14.815293004Z,2024-11-06T13:58:14.815293004Z,2024-10-28T15:52:22.577Z,3DOR100026,parent,Tracking_comp,3DOR100029,3DOR100026
2024-10-07T13:58:14.815293004Z,2024-11-06T13:58:14.815293004Z,2024-10-28T13:44:57.004Z,3DOR10003,child,Tracking_comp,3DOR10003,2546161408
2024-10-07T13:58:14.815293004Z,2024-11-06T13:58:14.815293004Z,2024-10-28T13:44:57.004Z,2546161408,parent,Tracking_comp,3DOR10003,2546161408
2024-10-07T13:58:14.815293004Z,2024-11-06T13:58:14.815293004Z,2024-10-28T14:18:14.629Z,3DOR10003,child,Tracking_comp,3DOR10003,ORBOX0014
2024-10-07T13:58:14.815293004Z,2024-11-06T13:58:14.815293004Z,2024-10-28T14:18:14.629Z,ORBOX0014,parent,Tracking_comp,3DOR10003,ORBOX0014
2024-10-07T13:58:14.815293004Z,2024-11-06T13:58:14.815293004Z,2024-10-28T15:53:17.814Z,3DOR100030,child,Tracking_comp,3DOR100030,ORBOX0017
2024-10-07T13:58:14.815293004Z,2024-11-06T13:58:14.815293004Z,2024-10-28T15:53:17.814Z,ORBOX0017,parent,Tracking_comp,3DOR100030,ORBOX0017
2024-10-07T13:58:14.815293004Z,2024-11-06T13:58:14.815293004Z,2024-10-28T15:49:47.787Z,3DOR100030,child,Tracking_comp,3DOR100030,Printer_10
2024-10-07T13:58:14.815293004Z,2024-11-06T13:58:14.815293004Z,2024-10-28T15:49:47.787Z,Printer_10,parent,Tracking_comp,3DOR100030,Printer_10
2024-10-07T13:58:14.815293004Z,2024-11-06T13:58:14.815293004Z,2024-10-28T16:37:03.423Z,3DOR100031,child,Tracking_comp,3DOR100031,ORBOX0015
2024-10-07T13:58:14.815293004Z,2024-11-06T13:58:14.815293004Z,2024-10-28T16:37:03.423Z,ORBOX0015,parent,Tracking_comp,3DOR100031,ORBOX0015
2024-10-07T13:58:14.815293004Z,2024-11-06T13:58:14.815293004Z,2024-10-28T15:57:24.488Z,3DOR100031,child,Tracking_comp,3DOR100031,Printer_1
2024-10-07T13:58:14.815293004Z,2024-11-06T13:58:14.815293004Z,2024-10-28T15:57:24.488Z,Printer_1,parent,Tracking_comp,3DOR100031,Printer_1
2024-10-07T13:58:14.815293004Z,2024-11-06T13:58:14.815293004Z,2024-10-28T16:38:02.32Z,3DOR100032,child,Tracking_comp,3DOR100032,ORBOX0015
2024-10-07T13:58:14.815293004Z,2024-11-06T13:58:14.815293004Z,2024-10-28T16:38:02.32Z,ORBOX0015,parent,Tracking_comp,3DOR100032,ORBOX0015
2024-10-07T13:58:14.815293004Z,2024-11-06T13:58:14.815293004Z,2024-10-28T16:01:57.055Z,3DOR100032,child,Tracking_comp,3DOR100032,Printer_2
2024-10-07T13:58:14.815293004Z,2024-11-06T13:58:14.815293004Z,2024-10-28T16:01:57.055Z,Printer_2,parent,Tracking_comp,3DOR100032,Printer_2
2024-10-07T13:58:14.815293004Z,2024-11-06T13:58:14.815293004Z,2024-10-28T16:38:30.878Z,3DOR100033,child,Tracking_comp,3DOR100033,ORBOX00115
2024-10-07T13:58:14.815293004Z,2024-11-06T13:58:14.815293004Z,2024-10-28T16:38:30.878Z,ORBOX00115,parent,Tracking_comp,3DOR100033,ORBOX00115
2024-10-07T13:58:14.815293004Z,2024-11-06T13:58:14.815293004Z,2024-10-28T16:06:08.418Z,3DOR100033,child,Tracking_comp,3DOR100033,Printer_3
2024-10-07T13:58:14.815293004Z,2024-11-06T13:58:14.815293004Z,2024-10-28T16:06:08.418Z,Printer_3,parent,Tracking_comp,3DOR100033,Printer_3
2024-10-07T13:58:14.815293004Z,2024-11-06T13:58:14.815293004Z,2024-10-28T16:38:31.565Z,3DOR100034,child,Tracking_comp,3DOR100034,ORBOX00115
2024-10-07T13:58:14.815293004Z,2024-11-06T13:58:14.815293004Z,2024-10-28T16:38:31.565Z,ORBOX00115,parent,Tracking_comp,3DOR100034,ORBOX00115
2024-10-07T13:58:14.815293004Z,2024-11-06T13:58:14.815293004Z,2024-10-28T16:14:25.365Z,3DOR100034,child,Tracking_comp,3DOR100034,Printer_5
2024-10-07T13:58:14.815293004Z,2024-11-06T13:58:14.815293004Z,2024-10-28T16:14:25.365Z,Printer_5,parent,Tracking_comp,3DOR100034,Printer_5
2024-10-07T13:58:14.815293004Z,2024-11-06T13:58:14.815293004Z,2024-10-28T16:38:29.301Z,3DOR100035,child,Tracking_comp,3DOR100035,ORBOX00115
2024-10-07T13:58:14.815293004Z,2024-11-06T13:58:14.815293004Z,2024-10-28T16:38:29.301Z,ORBOX00115,parent,Tracking_comp,3DOR100035,ORBOX00115
2024-10-07T13:58:14.815293004Z,2024-11-06T13:58:14.815293004Z,2024-10-28T16:10:04.048Z,3DOR100035,child,Tracking_comp,3DOR100035,Printer_5
2024-10-07T13:58:14.815293004Z,2024-11-06T13:58:14.815293004Z,2024-10-28T16:10:04.048Z,Printer_5,parent,Tracking_comp,3DOR100035,Printer_5
2024-10-07T13:58:14.815293004Z,2024-11-06T13:58:14.815293004Z,2024-10-28T16:38:28.585Z,3DOR100036,child,Tracking_comp,3DOR100036,ORBOX00115
2024-10-07T13:58:14.815293004Z,2024-11-06T13:58:14.815293004Z,2024-10-28T16:38:28.585Z,ORBOX00115,parent,Tracking_comp,3DOR100036,ORBOX00115
2024-10-07T13:58:14.815293004Z,2024-11-06T13:58:14.815293004Z,2024-10-28T16:18:32.176Z,3DOR100036,child,Tracking_comp,3DOR100036,Printer_6
2024-10-07T13:58:14.815293004Z,2024-11-06T13:58:14.815293004Z,2024-10-28T16:18:32.176Z,Printer_6,parent,Tracking_comp,3DOR100036,Printer_6
2024-10-07T13:58:14.815293004Z,2024-11-06T13:58:14.815293004Z,2024-10-28T16:38:30.137Z,3DOR100037,child,Tracking_comp,3DOR100037,ORBOX00115
2024-10-07T13:58:14.815293004Z,2024-11-06T13:58:14.815293004Z,2024-10-28T16:38:30.137Z,ORBOX00115,parent,Tracking_comp,3DOR100037,ORBOX00115
2024-10-07T13:58:14.815293004Z,2024-11-06T13:58:14.815293004Z,2024-10-28T16:22:43.533Z,3DOR100037,child,Tracking_comp,3DOR100037,Printer_7
2024-10-07T13:58:14.815293004Z,2024-11-06T13:58:14.815293004Z,2024-10-28T16:22:43.533Z,Printer_7,parent,Tracking_comp,3DOR100037,Printer_7
2024-10-07T13:58:14.815293004Z,2024-11-06T13:58:14.815293004Z,2024-10-28T16:37:58.163Z,3DOR100038,child,Tracking_comp,3DOR100038,ORBOX0015
2024-10-07T13:58:14.815293004Z,2024-11-06T13:58:14.815293004Z,2024-10-28T16:37:58.163Z,ORBOX0015,parent,Tracking_comp,3DOR100038,ORBOX0015
2024-10-07T13:58:14.815293004Z,2024-11-06T13:58:14.815293004Z,2024-10-28T16:26:50.341Z,3DOR100038,child,Tracking_comp,3DOR100038,Printer_8
2024-10-07T13:58:14.815293004Z,2024-11-06T13:58:14.815293004Z,2024-10-28T16:26:50.341Z,Printer_8,parent,Tracking_comp,3DOR100038,Printer_8
2024-10-07T13:58:14.815293004Z,2024-11-06T13:58:14.815293004Z,2024-10-28T16:38:00.232Z,3DOR100039,child,Tracking_comp,3DOR100039,ORBOX0015
2024-10-07T13:58:14.815293004Z,2024-11-06T13:58:14.815293004Z,2024-10-28T16:38:00.232Z,ORBOX0015,parent,Tracking_comp,3DOR100039,ORBOX0015
2024-10-07T13:58:14.815293004Z,2024-11-06T13:58:14.815293004Z,2024-10-28T16:30:57.334Z,3DOR100039,child,Tracking_comp,3DOR100039,Printer_9
2024-10-07T13:58:14.815293004Z,2024-11-06T13:58:14.815293004Z,2024-10-28T16:30:57.334Z,Printer_9,parent,Tracking_comp,3DOR100039,Printer_9
2024-10-07T13:58:14.815293004Z,2024-11-06T13:58:14.815293004Z,2024-10-28T14:18:16.706Z,3DOR10004,child,Tracking_comp,3DOR10004,ORBOX0014
2024-10-07T13:58:14.815293004Z,2024-11-06T13:58:14.815293004Z,2024-10-28T14:18:16.706Z,ORBOX0014,parent,Tracking_comp,3DOR10004,ORBOX0014
2024-10-07T13:58:14.815293004Z,2024-11-06T13:58:14.815293004Z,2024-10-28T13:49:14.302Z,3DOR10004,child,Tracking_comp,3DOR10004,Printer_4
2024-10-07T13:58:14.815293004Z,2024-11-06T13:58:14.815293004Z,2024-10-28T13:49:14.302Z,Printer_4,parent,Tracking_comp,3DOR10004,Printer_4
2024-10-07T13:58:14.815293004Z,2024-11-06T13:58:14.815293004Z,2024-10-28T16:37:55.57Z,3DOR100040,child,Tracking_comp,3DOR100040,ORBOX0015
2024-10-07T13:58:14.815293004Z,2024-11-06T13:58:14.815293004Z,2024-10-28T16:37:55.57Z,ORBOX0015,parent,Tracking_comp,3DOR100040,ORBOX0015
2024-10-07T13:58:14.815293004Z,2024-11-06T13:58:14.815293004Z,2024-10-28T16:34:51.641Z,3DOR100040,child,Tracking_comp,3DOR100040,Printer_10
2024-10-07T13:58:14.815293004Z,2024-11-06T13:58:14.815293004Z,2024-10-28T16:34:51.641Z,Printer_10,parent,Tracking_comp,3DOR100040,Printer_10
2024-10-07T13:58:14.815293004Z,2024-11-06T13:58:14.815293004Z,2024-10-28T17:22:40.019Z,3DOR100041,child,Tracking_comp,3DOR100041,ORBOX0012
2024-10-07T13:58:14.815293004Z,2024-11-06T13:58:14.815293004Z,2024-10-28T17:22:40.019Z,ORBOX0012,parent,Tracking_comp,3DOR100041,ORBOX0012
2024-10-07T13:58:14.815293004Z,2024-11-06T13:58:14.815293004Z,2024-10-28T16:43:55.017Z,3DOR100041,child,Tracking_comp,3DOR100041,Printer_1
2024-10-07T13:58:14.815293004Z,2024-11-06T13:58:14.815293004Z,2024-10-28T16:43:55.017Z,Printer_1,parent,Tracking_comp,3DOR100041,Printer_1
2024-10-07T13:58:14.815293004Z,2024-11-06T13:58:14.815293004Z,2024-10-28T17:23:12.948Z,3DOR100042,child,Tracking_comp,3DOR100042,ORBOX00119
2024-10-07T13:58:14.815293004Z,2024-11-06T13:58:14.815293004Z,2024-10-28T17:23:12.948Z,ORBOX00119,parent,Tracking_comp,3DOR100042,ORBOX00119
2024-10-07T13:58:14.815293004Z,2024-11-06T13:58:14.815293004Z,2024-10-28T16:48:46.96Z,3DOR100042,child,Tracking_comp,3DOR100042,Printer_2
2024-10-07T13:58:14.815293004Z,2024-11-06T13:58:14.815293004Z,2024-10-28T16:48:46.96Z,Printer_2,parent,Tracking_comp,3DOR100042,Printer_2
2024-10-07T13:58:14.815293004Z,2024-11-06T13:58:14.815293004Z,2024-10-28T17:22:41.314Z,3DOR100043,child,Tracking_comp,3DOR100043,ORBOX0012
2024-10-07T13:58:14.815293004Z,2024-11-06T13:58:14.815293004Z,2024-10-28T17:22:41.314Z,ORBOX0012,parent,Tracking_comp,3DOR100043,ORBOX0012
2024-10-07T13:58:14.815293004Z,2024-11-06T13:58:14.815293004Z,2024-10-28T16:52:53.829Z,3DOR100043,child,Tracking_comp,3DOR100043,Printer_3
2024-10-07T13:58:14.815293004Z,2024-11-06T13:58:14.815293004Z,2024-10-28T16:52:53.829Z,Printer_3,parent,Tracking_comp,3DOR100043,Printer_3
2024-10-07T13:58:14.815293004Z,2024-11-06T13:58:14.815293004Z,2024-10-28T17:23:10.13Z,3DOR100044,child,Tracking_comp,3DOR100044,ORBOX00119
2024-10-07T13:58:14.815293004Z,2024-11-06T13:58:14.815293004Z,2024-10-28T17:23:10.13Z,ORBOX00119,parent,Tracking_comp,3DOR100044,ORBOX00119
2024-10-07T13:58:14.815293004Z,2024-11-06T13:58:14.815293004Z,2024-10-28T17:22:40.645Z,3DOR100045,child,Tracking_comp,3DOR100045,ORBOX0012
2024-10-07T13:58:14.815293004Z,2024-11-06T13:58:14.815293004Z,2024-10-28T17:22:40.645Z,ORBOX0012,parent,Tracking_comp,3DOR100045,ORBOX0012
2024-10-07T13:58:14.815293004Z,2024-11-06T13:58:14.815293004Z,2024-10-28T17:00:55.175Z,3DOR100045,child,Tracking_comp,3DOR100045,Printer_5
2024-10-07T13:58:14.815293004Z,2024-11-06T13:58:14.815293004Z,2024-10-28T17:00:55.175Z,Printer_5,parent,Tracking_comp,3DOR100045,Printer_5
2024-10-07T13:58:14.815293004Z,2024-11-06T13:58:14.815293004Z,2024-10-28T17:23:12.306Z,3DOR100046,child,Tracking_comp,3DOR100046,ORBOX00119
2024-10-07T13:58:14.815293004Z,2024-11-06T13:58:14.815293004Z,2024-10-28T17:23:12.306Z,ORBOX00119,parent,Tracking_comp,3DOR100046,ORBOX00119
2024-10-07T13:58:14.815293004Z,2024-11-06T13:58:14.815293004Z,2024-10-28T17:05:20.115Z,3DOR100046,child,Tracking_comp,3DOR100046,Printer_6
2024-10-07T13:58:14.815293004Z,2024-11-06T13:58:14.815293004Z,2024-10-28T17:05:20.115Z,Printer_6,parent,Tracking_comp,3DOR100046,Printer_6
2024-10-07T13:58:14.815293004Z,2024-11-06T13:58:14.815293004Z,2024-10-28T17:22:39.321Z,3DOR100047,child,Tracking_comp,3DOR100047,ORBOX0012
2024-10-07T13:58:14.815293004Z,2024-11-06T13:58:14.815293004Z,2024-10-28T17:22:39.321Z,ORBOX0012,parent,Tracking_comp,3DOR100047,ORBOX0012
2024-10-07T13:58:14.815293004Z,2024-11-06T13:58:14.815293004Z,2024-10-28T17:09:39.905Z,3DOR100047,child,Tracking_comp,3DOR100047,Printer_7
2024-10-07T13:58:14.815293004Z,2024-11-06T13:58:14.815293004Z,2024-10-28T17:09:39.905Z,Printer_7,parent,Tracking_comp,3DOR100047,Printer_7
2024-10-07T13:58:14.815293004Z,2024-11-06T13:58:14.815293004Z,2024-10-28T17:23:13.676Z,3DOR100048,child,Tracking_comp,3DOR100048,ORBOX00119
2024-10-07T13:58:14.815293004Z,2024-11-06T13:58:14.815293004Z,2024-10-28T17:23:13.676Z,ORBOX00119,parent,Tracking_comp,3DOR100048,ORBOX00119
2024-10-07T13:58:14.815293004Z,2024-11-06T13:58:14.815293004Z,2024-10-28T17:13:31.578Z,3DOR100048,child,Tracking_comp,3DOR100048,Printer_8
2024-10-07T13:58:14.815293004Z,2024-11-06T13:58:14.815293004Z,2024-10-28T17:13:31.578Z,Printer_8,parent,Tracking_comp,3DOR100048,Printer_8
2024-10-07T13:58:14.815293004Z,2024-11-06T13:58:14.815293004Z,2024-10-28T17:23:11.076Z,3DOR100049,child,Tracking_comp,3DOR100049,ORBOX00119
2024-10-07T13:58:14.815293004Z,2024-11-06T13:58:14.815293004Z,2024-10-28T17:23:11.076Z,ORBOX00119,parent,Tracking_comp,3DOR100049,ORBOX00119
2024-10-07T13:58:14.815293004Z,2024-11-06T13:58:14.815293004Z,2024-10-28T17:17:28.02Z,3DOR100049,child,Tracking_comp,3DOR100049,Printer_9
2024-10-07T13:58:14.815293004Z,2024-11-06T13:58:14.815293004Z,2024-10-28T17:17:28.02Z,Printer_9,parent,Tracking_comp,3DOR100049,Printer_9
2024-10-07T13:58:14.815293004Z,2024-11-06T13:58:14.815293004Z,2024-10-28T14:18:16.01Z,3DOR10005,child,Tracking_comp,3DOR10005,ORBOX0014
2024-10-07T13:58:14.815293004Z,2024-11-06T13:58:14.815293004Z,2024-10-28T14:18:16.01Z,ORBOX0014,parent,Tracking_comp,3DOR10005,ORBOX0014
2024-10-07T13:58:14.815293004Z,2024-11-06T13:58:14.815293004Z,2024-10-28T13:53:13.348Z,3DOR10005,child,Tracking_comp,3DOR10005,Printer_5
2024-10-07T13:58:14.815293004Z,2024-11-06T13:58:14.815293004Z,2024-10-28T13:53:13.348Z,Printer_5,parent,Tracking_comp,3DOR10005,Printer_5
2024-10-07T13:58:14.815293004Z,2024-11-06T13:58:14.815293004Z,2024-10-28T17:22:38.524Z,3DOR100050,child,Tracking_comp,3DOR100050,ORBOX0012
2024-10-07T13:58:14.815293004Z,2024-11-06T13:58:14.815293004Z,2024-10-28T17:22:38.524Z,ORBOX0012,parent,Tracking_comp,3DOR100050,ORBOX0012
2024-10-07T13:58:14.815293004Z,2024-11-06T13:58:14.815293004Z,2024-10-28T17:21:07.969Z,3DOR100050,child,Tracking_comp,3DOR100050,Printer_10
2024-10-07T13:58:14.815293004Z,2024-11-06T13:58:14.815293004Z,2024-10-28T17:21:07.969Z,Printer_10,parent,Tracking_comp,3DOR100050,Printer_10
2024-10-07T13:58:14.815293004Z,2024-11-06T13:58:14.815293004Z,2024-10-28T18:08:17.283Z,3DOR100051,child,Tracking_comp,3DOR100051,ORBOX00117
2024-10-07T13:58:14.815293004Z,2024-11-06T13:58:14.815293004Z,2024-10-28T18:08:17.283Z,ORBOX00117,parent,Tracking_comp,3DOR100051,ORBOX00117
2024-10-07T13:58:14.815293004Z,2024-11-06T13:58:14.815293004Z,2024-10-28T17:27:52.791Z,3DOR100051,child,Tracking_comp,3DOR100051,Printer_1
2024-10-07T13:58:14.815293004Z,2024-11-06T13:58:14.815293004Z,2024-10-28T17:27:52.791Z,Printer_1,parent,Tracking_comp,3DOR100051,Printer_1
2024-10-07T13:58:14.815293004Z,2024-11-06T13:58:14.815293004Z,2024-10-28T18:08:03.176Z,3DOR100052,child,Tracking_comp,3DOR100052,ORBOX00118
2024-10-07T13:58:14.815293004Z,2024-11-06T13:58:14.815293004Z,2024-10-28T18:08:03.176Z,ORBOX00118,parent,Tracking_comp,3DOR100052,ORBOX00118
2024-10-07T13:58:14.815293004Z,2024-11-06T13:58:14.815293004Z,2024-10-28T17:34:30.913Z,3DOR100052,child,Tracking_comp,3DOR100052,Printer_2
2024-10-07T13:58:14.815293004Z,2024-11-06T13:58:14.815293004Z,2024-10-28T17:34:30.913Z,Printer_2,parent,Tracking_comp,3DOR100052,Printer_2
2024-10-07T13:58:14.815293004Z,2024-11-06T13:58:14.815293004Z,2024-10-28T18:08:19.276Z,3DOR100053,child,Tracking_comp,3DOR100053,ORBOX00117
2024-10-07T13:58:14.815293004Z,2024-11-06T13:58:14.815293004Z,2024-10-28T18:08:19.276Z,ORBOX00117,parent,Tracking_comp,3DOR100053,ORBOX00117
2024-10-07T13:58:14.815293004Z,2024-11-06T13:58:14.815293004Z,2024-10-28T17:38:15.701Z,3DOR100053,child,Tracking_comp,3DOR100053,Printer_3
2024-10-07T13:58:14.815293004Z,2024-11-06T13:58:14.815293004Z,2024-10-28T17:38:15.701Z,Printer_3,parent,Tracking_comp,3DOR100053,Printer_3
2024-10-07T13:58:14.815293004Z,2024-11-06T13:58:14.815293004Z,2024-10-28T18:08:01.935Z,3DOR100054,child,Tracking_comp,3DOR100054,ORBOX00118
2024-10-07T13:58:14.815293004Z,2024-11-06T13:58:14.815293004Z,2024-10-28T18:08:01.935Z,ORBOX00118,parent,Tracking_comp,3DOR100054,ORBOX00118
2024-10-07T13:58:14.815293004Z,2024-11-06T13:58:14.815293004Z,2024-10-28T17:42:12.333Z,3DOR100054,child,Tracking_comp,3DOR100054,Printer_4
2024-10-07T13:58:14.815293004Z,2024-11-06T13:58:14.815293004Z,2024-10-28T17:42:12.333Z,Printer_4,parent,Tracking_comp,3DOR100054,Printer_4
2024-10-07T13:58:14.815293004Z,2024-11-06T13:58:14.815293004Z,2024-10-28T18:08:03.73Z,3DOR100055,child,Tracking_comp,3DOR100055,ORBOX00118
2024-10-07T13:58:14.815293004Z,2024-11-06T13:58:14.815293004Z,2024-10-28T18:08:03.73Z,ORBOX00118,parent,Tracking_comp,3DOR100055,ORBOX00118
2024-10-07T13:58:14.815293004Z,2024-11-06T13:58:14.815293004Z,2024-10-28T17:46:11.062Z,3DOR100055,child,Tracking_comp,3DOR100055,Printer_5
2024-10-07T13:58:14.815293004Z,2024-11-06T13:58:14.815293004Z,2024-10-28T17:46:11.062Z,Printer_5,parent,Tracking_comp,3DOR100055,Printer_5
2024-10-07T13:58:14.815293004Z,2024-11-06T13:58:14.815293004Z,2024-10-28T18:08:04.375Z,3DOR100056,child,Tracking_comp,3DOR100056,ORBOX00118
2024-10-07T13:58:14.815293004Z,2024-11-06T13:58:14.815293004Z,2024-10-28T18:08:04.375Z,ORBOX00118,parent,Tracking_comp,3DOR100056,ORBOX00118
2024-10-07T13:58:14.815293004Z,2024-11-06T13:58:14.815293004Z,2024-10-28T17:50:02.793Z,3DOR100056,child,Tracking_comp,3DOR100056,Printer_6
2024-10-07T13:58:14.815293004Z,2024-11-06T13:58:14.815293004Z,2024-10-28T17:50:02.793Z,Printer_6,parent,Tracking_comp,3DOR100056,Printer_6
2024-10-07T13:58:14.815293004Z,2024-11-06T13:58:14.815293004Z,2024-10-28T18:08:14.953Z,3DOR100057,child,Tracking_comp,3DOR100057,ORBOX00117
2024-10-07T13:58:14.815293004Z,2024-11-06T13:58:14.815293004Z,2024-10-28T18:08:14.953Z,ORBOX00117,parent,Tracking_comp,3DOR100057,ORBOX00117
2024-10-07T13:58:14.815293004Z,2024-11-06T13:58:14.815293004Z,2024-10-28T17:54:10.678Z,3DOR100057,child,Tracking_comp,3DOR100057,Printer_7
2024-10-07T13:58:14.815293004Z,2024-11-06T13:58:14.815293004Z,2024-10-28T17:54:10.678Z,Printer_7,parent,Tracking_comp,3DOR100057,Printer_7
2024-10-07T13:58:14.815293004Z,2024-11-06T13:58:14.815293004Z,2024-10-28T18:08:15.589Z,3DOR100058,child,Tracking_comp,3DOR100058,ORBOX00117
2024-10-07T13:58:14.815293004Z,2024-11-06T13:58:14.815293004Z,2024-10-28T18:08:15.589Z,ORBOX00117,parent,Tracking_comp,3DOR100058,ORBOX00117
2024-10-07T13:58:14.815293004Z,2024-11-06T13:58:14.815293004Z,2024-10-28T17:57:43.479Z,3DOR100058,child,Tracking_comp,3DOR100058,Printer_8
2024-10-07T13:58:14.815293004Z,2024-11-06T13:58:14.815293004Z,2024-10-28T17:57:43.479Z,Printer_8,parent,Tracking_comp,3DOR100058,Printer_8
2024-10-07T13:58:14.815293004Z,2024-11-06T13:58:14.815293004Z,2024-10-28T18:08:02.584Z,3DOR100059,child,Tracking_comp,3DOR100059,ORBOX00118
2024-10-07T13:58:14.815293004Z,2024-11-06T13:58:14.815293004Z,2024-10-28T18:08:02.584Z,ORBOX00118,parent,Tracking_comp,3DOR100059,ORBOX00118
2024-10-07T13:58:14.815293004Z,2024-11-06T13:58:14.815293004Z,2024-10-28T18:01:35.929Z,3DOR100059,child,Tracking_comp,3DOR100059,Printer_9
2024-10-07T13:58:14.815293004Z,2024-11-06T13:58:14.815293004Z,2024-10-28T18:01:35.929Z,Printer_9,parent,Tracking_comp,3DOR100059,Printer_9
2024-10-07T13:58:14.815293004Z,2024-11-06T13:58:14.815293004Z,2024-10-28T14:17:22.222Z,3DOR10006,child,Tracking_comp,3DOR10006,ORBOX00116
2024-10-07T13:58:14.815293004Z,2024-11-06T13:58:14.815293004Z,2024-10-28T14:17:22.222Z,ORBOX00116,parent,Tracking_comp,3DOR10006,ORBOX00116
2024-10-07T13:58:14.815293004Z,2024-11-06T13:58:14.815293004Z,2024-10-28T13:57:27.172Z,3DOR10006,child,Tracking_comp,3DOR10006,Printer_6
2024-10-07T13:58:14.815293004Z,2024-11-06T13:58:14.815293004Z,2024-10-28T13:57:27.172Z,Printer_6,parent,Tracking_comp,3DOR10006,Printer_6
2024-10-07T13:58:14.815293004Z,2024-11-06T13:58:14.815293004Z,2024-10-28T18:08:16.242Z,3DOR100060,child,Tracking_comp,3DOR100060,ORBOX00117
2024-10-07T13:58:14.815293004Z,2024-11-06T13:58:14.815293004Z,2024-10-28T18:08:16.242Z,ORBOX00117,parent,Tracking_comp,3DOR100060,ORBOX00117
2024-10-07T13:58:14.815293004Z,2024-11-06T13:58:14.815293004Z,2024-10-28T18:05:28.188Z,3DOR100060,child,Tracking_comp,3DOR100060,Printer_10
2024-10-07T13:58:14.815293004Z,2024-11-06T13:58:14.815293004Z,2024-10-28T18:05:28.188Z,Printer_10,parent,Tracking_comp,3DOR100060,Printer_10
2024-10-07T13:58:14.815293004Z,2024-11-06T13:58:14.815293004Z,2024-10-28T19:24:50.685Z,3DOR100061,child,Tracking_comp,3DOR100061,ORBOX00121
2024-10-07T13:58:14.815293004Z,2024-11-06T13:58:14.815293004Z,2024-10-28T19:24:50.685Z,ORBOX00121,parent,Tracking_comp,3DOR100061,ORBOX00121
2024-10-07T13:58:14.815293004Z,2024-11-06T13:58:14.815293004Z,2024-10-28T18:46:47.903Z,3DOR100061,child,Tracking_comp,3DOR100061,Printer_1
2024-10-07T13:58:14.815293004Z,2024-11-06T13:58:14.815293004Z,2024-10-28T18:46:47.903Z,Printer_1,parent,Tracking_comp,3DOR100061,Printer_1
2024-10-07T13:58:14.815293004Z,2024-11-06T13:58:14.815293004Z,2024-10-28T19:24:51.462Z,3DOR100062,child,Tracking_comp,3DOR100062,ORBOX00121
2024-10-07T13:58:14.815293004Z,2024-11-06T13:58:14.815293004Z,2024-10-28T19:24:51.462Z,ORBOX00121,parent,Tracking_comp,3DOR100062,ORBOX00121
2024-10-07T13:58:14.815293004Z,2024-11-06T13:58:14.815293004Z,2024-10-28T18:50:35.816Z,3DOR100062,child,Tracking_comp,3DOR100062,Printer_2
2024-10-07T13:58:14.815293004Z,2024-11-06T13:58:14.815293004Z,2024-10-28T18:50:35.816Z,Printer_2,parent,Tracking_comp,3DOR100062,Printer_2
2024-10-07T13:58:14.815293004Z,2024-11-06T13:58:14.815293004Z,2024-10-28T19:24:32.062Z,3DOR100063,child,Tracking_comp,3DOR100063,ORBOX00120
2024-10-07T13:58:14.815293004Z,2024-11-06T13:58:14.815293004Z,2024-10-28T19:24:32.062Z,ORBOX00120,parent,Tracking_comp,3DOR100063,ORBOX00120
2024-10-07T13:58:14.815293004Z,2024-11-06T13:58:14.815293004Z,2024-10-28T18:54:21.963Z,3DOR100063,child,Tracking_comp,3DOR100063,Printer_3
2024-10-07T13:58:14.815293004Z,2024-11-06T13:58:14.815293004Z,2024-10-28T18:54:21.963Z,Printer_3,parent,Tracking_comp,3DOR100063,Printer_3
2024-10-07T13:58:14.815293004Z,2024-11-06T13:58:14.815293004Z,2024-10-28T19:24:33.292Z,3DOR100064,child,Tracking_comp,3DOR100064,ORBOX00120
2024-10-07T13:58:14.815293004Z,2024-11-06T13:58:14.815293004Z,2024-10-28T19:24:33.292Z,ORBOX00120,parent,Tracking_comp,3DOR100064,ORBOX00120
2024-10-07T13:58:14.815293004Z,2024-11-06T13:58:14.815293004Z,2024-10-28T18:58:23.282Z,3DOR100064,child,Tracking_comp,3DOR100064,Printer_4
2024-10-07T13:58:14.815293004Z,2024-11-06T13:58:14.815293004Z,2024-10-28T18:58:23.282Z,Printer_4,parent,Tracking_comp,3DOR100064,Printer_4
2024-10-07T13:58:14.815293004Z,2024-11-06T13:58:14.815293004Z,2024-10-28T19:24:48.134Z,3DOR100065,child,Tracking_comp,3DOR100065,ORBOX00121
2024-10-07T13:58:14.815293004Z,2024-11-06T13:58:14.815293004Z,2024-10-28T19:24:48.134Z,ORBOX00121,parent,Tracking_comp,3DOR100065,ORBOX00121
2024-10-07T13:58:14.815293004Z,2024-11-06T13:58:14.815293004Z,2024-10-28T19:02:20.185Z,3DOR100065,child,Tracking_comp,3DOR100065,Printer_5
2024-10-07T13:58:14.815293004Z,2024-11-06T13:58:14.815293004Z,2024-10-28T19:02:20.185Z,Printer_5,parent,Tracking_comp,3DOR100065,Printer_5
2024-10-07T13:58:14.815293004Z,2024-11-06T13:58:14.815293004Z,2024-10-28T19:24:31.323Z,3DOR100066,child,Tracking_comp,3DOR100066,ORBOX00120
2024-10-07T13:58:14.815293004Z,2024-11-06T13:58:14.815293004Z,2024-10-28T19:24:31.323Z,ORBOX00120,parent,Tracking_comp,3DOR100066,ORBOX00120
2024-10-07T13:58:14.815293004Z,2024-11-06T13:58:14.815293004Z,2024-10-28T19:05:51.314Z,3DOR100066,child,Tracking_comp,3DOR100066,Printer_6
2024-10-07T13:58:14.815293004Z,2024-11-06T13:58:14.815293004Z,2024-10-28T19:05:51.314Z,Printer_6,parent,Tracking_comp,3DOR100066,Printer_6
2024-10-07T13:58:14.815293004Z,2024-11-06T13:58:14.815293004Z,2024-10-28T19:24:32.697Z,3DOR100067,child,Tracking_comp,3DOR100067,ORBOX00120
2024-10-07T13:58:14.815293004Z,2024-11-06T13:58:14.815293004Z,2024-10-28T19:24:32.697Z,ORBOX00120,parent,Tracking_comp,3DOR100067,ORBOX00120
2024-10-07T13:58:14.815293004Z,2024-11-06T13:58:14.815293004Z,2024-10-28T19:09:53.538Z,3DOR100067,child,Tracking_comp,3DOR100067,Printer_7
2024-10-07T13:58:14.815293004Z,2024-11-06T13:58:14.815293004Z,2024-10-28T19:09:53.538Z,Printer_7,parent,Tracking_comp,3DOR100067,Printer_7
2024-10-07T13:58:14.815293004Z,2024-11-06T13:58:14.815293004Z,2024-10-28T19:24:48.96Z,3DOR100068,child,Tracking_comp,3DOR100068,ORBOX00121
2024-10-07T13:58:14.815293004Z,2024-11-06T13:58:14.815293004Z,2024-10-28T19:24:48.96Z,ORBOX00121,parent,Tracking_comp,3DOR100068,ORBOX00121
2024-10-07T13:58:14.815293004Z,2024-11-06T13:58:14.815293004Z,2024-10-28T19:13:45.093Z,3DOR100068,child,Tracking_comp,3DOR100068,Printer_8
2024-10-07T13:58:14.815293004Z,2024-11-06T13:58:14.815293004Z,2024-10-28T19:13:45.093Z,Printer_8,parent,Tracking_comp,3DOR100068,Printer_8
2024-10-07T13:58:14.815293004Z,2024-11-06T13:58:14.815293004Z,2024-10-28T19:24:30.624Z,3DOR100069,child,Tracking_comp,3DOR100069,ORBOX00120
2024-10-07T13:58:14.815293004Z,2024-11-06T13:58:14.815293004Z,2024-10-28T19:24:30.624Z,ORBOX00120,parent,Tracking_comp,3DOR100069,ORBOX00120
2024-10-07T13:58:14.815293004Z,2024-11-06T13:58:14.815293004Z,2024-10-28T19:17:26.571Z,3DOR100069,child,Tracking_comp,3DOR100069,Printer_9
2024-10-07T13:58:14.815293004Z,2024-11-06T13:58:14.815293004Z,2024-10-28T19:17:26.571Z,Printer_9,parent,Tracking_comp,3DOR100069,Printer_9
2024-10-07T13:58:14.815293004Z,2024-11-06T13:58:14.815293004Z,2024-10-28T14:17:25.178Z,3DOR10007,child,Tracking_comp,3DOR10007,ORBOX00116
2024-10-07T13:58:14.815293004Z,2024-11-06T13:58:14.815293004Z,2024-10-28T14:17:25.178Z,ORBOX00116,parent,Tracking_comp,3DOR10007,ORBOX00116
2024-10-07T13:58:14.815293004Z,2024-11-06T13:58:14.815293004Z,2024-10-28T14:02:06.864Z,3DOR10007,child,Tracking_comp,3DOR10007,Printer_7
2024-10-07T13:58:14.815293004Z,2024-11-06T13:58:14.815293004Z,2024-10-28T14:02:06.864Z,Printer_7,parent,Tracking_comp,3DOR10007,Printer_7
2024-10-07T13:58:14.815293004Z,2024-11-06T13:58:14.815293004Z,2024-10-28T19:24:49.906Z,3DOR100070,child,Tracking_comp,3DOR100070,ORBOX00121
2024-10-07T13:58:14.815293004Z,2024-11-06T13:58:14.815293004Z,2024-10-28T19:24:49.906Z,ORBOX00121,parent,Tracking_comp,3DOR100070,ORBOX00121
2024-10-07T13:58:14.815293004Z,2024-11-06T13:58:14.815293004Z,2024-10-28T19:21:33.044Z,3DOR100070,child,Tracking_comp,3DOR100070,Printer_10
2024-10-07T13:58:14.815293004Z,2024-11-06T13:58:14.815293004Z,2024-10-28T19:21:33.044Z,Printer_10,parent,Tracking_comp,3DOR100070,Printer_10
2024-10-07T13:58:14.815293004Z,2024-11-06T13:58:14.815293004Z,2024-10-28T20:06:52.724Z,3DOR100071,child,Tracking_comp,3DOR100071,ORBOX00122
2024-10-07T13:58:14.815293004Z,2024-11-06T13:58:14.815293004Z,2024-10-28T20:06:52.724Z,ORBOX00122,parent,Tracking_comp,3DOR100071,ORBOX00122
2024-10-07T13:58:14.815293004Z,2024-11-06T13:58:14.815293004Z,2024-10-28T19:29:33.826Z,3DOR100071,child,Tracking_comp,3DOR100071,Printer_1
2024-10-07T13:58:14.815293004Z,2024-11-06T13:58:14.815293004Z,2024-10-28T19:29:33.826Z,Printer_1,parent,Tracking_comp,3DOR100071,Printer_1
2024-10-07T13:58:14.815293004Z,2024-11-06T13:58:14.815293004Z,2024-10-28T20:06:35.236Z,3DOR100072,child,Tracking_comp,3DOR100072,ORBOX00114
2024-10-07T13:58:14.815293004Z,2024-11-06T13:58:14.815293004Z,2024-10-28T20:06:35.236Z,ORBOX00114,parent,Tracking_comp,3DOR100072,ORBOX00114
2024-10-07T13:58:14.815293004Z,2024-11-06T13:58:14.815293004Z,2024-10-28T19:33:24.926Z,3DOR100072,child,Tracking_comp,3DOR100072,Printer_2
2024-10-07T13:58:14.815293004Z,2024-11-06T13:58:14.815293004Z,2024-10-28T19:33:24.926Z,Printer_2,parent,Tracking_comp,3DOR100072,Printer_2
2024-10-07T13:58:14.815293004Z,2024-11-06T13:58:14.815293004Z,2024-10-28T20:06:52.118Z,3DOR100073,child,Tracking_comp,3DOR100073,ORBOX00122
2024-10-07T13:58:14.815293004Z,2024-11-06T13:58:14.815293004Z,2024-10-28T20:06:52.118Z,ORBOX00122,parent,Tracking_comp,3DOR100073,ORBOX00122
2024-10-07T13:58:14.815293004Z,2024-11-06T13:58:14.815293004Z,2024-10-28T19:37:16.215Z,3DOR100073,child,Tracking_comp,3DOR100073,Printer_3
2024-10-07T13:58:14.815293004Z,2024-11-06T13:58:14.815293004Z,2024-10-28T19:37:16.215Z,Printer_3,parent,Tracking_comp,3DOR100073,Printer_3
2024-10-07T13:58:14.815293004Z,2024-11-06T13:58:14.815293004Z,2024-10-28T20:06:33.92Z,3DOR100074,child,Tracking_comp,3DOR100074,ORBOX00114
2024-10-07T13:58:14.815293004Z,2024-11-06T13:58:14.815293004Z,2024-10-28T20:06:33.92Z,ORBOX00114,parent,Tracking_comp,3DOR100074,ORBOX00114
2024-10-07T13:58:14.815293004Z,2024-11-06T13:58:14.815293004Z,2024-10-28T19:41:03.724Z,3DOR100074,child,Tracking_comp,3DOR100074,Printer_4
2024-10-07T13:58:14.815293004Z,2024-11-06T13:58:14.815293004Z,2024-10-28T19:41:03.724Z,Printer_4,parent,Tracking_comp,3DOR100074,Printer_4
2024-10-07T13:58:14.815293004Z,2024-11-06T13:58:14.815293004Z,2024-10-28T20:06:35.893Z,3DOR100075,child,Tracking_comp,3DOR100075,ORBOX00114
2024-10-07T13:58:14.815293004Z,2024-11-06T13:58:14.815293004Z,2024-10-28T20:06:35.893Z,ORBOX00114,parent,Tracking_comp,3DOR100075,ORBOX00114
2024-10-07T13:58:14.815293004Z,2024-11-06T13:58:14.815293004Z,2024-10-28T19:44:57.622Z,3DOR100075,child,Tracking_comp,3DOR100075,Printer_5
2024-10-07T13:58:14.815293004Z,2024-11-06T13:58:14.815293004Z,2024-10-28T19:44:57.622Z,Printer_5,parent,Tracking_comp,3DOR100075,Printer_5
2024-10-07T13:58:14.815293004Z,2024-11-06T13:58:14.815293004Z,2024-10-28T20:06:54.308Z,3DOR100076,child,Tracking_comp,3DOR100076,ORBOX00122
2024-10-07T13:58:14.815293004Z,2024-11-06T13:58:14.815293004Z,2024-10-28T20:06:54.308Z,ORBOX00122,parent,Tracking_comp,3DOR100076,ORBOX00122
2024-10-07T13:58:14.815293004Z,2024-11-06T13:58:14.815293004Z,2024-10-28T19:48:54.061Z,3DOR100076,child,Tracking_comp,3DOR100076,Printer_6
2024-10-07T13:58:14.815293004Z,2024-11-06T13:58:14.815293004Z,2024-10-28T19:48:54.061Z,Printer_6,parent,Tracking_comp,3DOR100076,Printer_6
2024-10-07T13:58:14.815293004Z,2024-11-06T13:58:14.815293004Z,2024-10-28T20:06:36.645Z,3DOR100077,child,Tracking_comp,3DOR100077,ORBOX00114
2024-10-07T13:58:14.815293004Z,2024-11-06T13:58:14.815293004Z,2024-10-28T20:06:36.645Z,ORBOX00114,parent,Tracking_comp,3DOR100077,ORBOX00114
2024-10-07T13:58:14.815293004Z,2024-11-06T13:58:14.815293004Z,2024-10-28T19:52:31.387Z,3DOR100077,child,Tracking_comp,3DOR100077,Printer_7
2024-10-07T13:58:14.815293004Z,2024-11-06T13:58:14.815293004Z,2024-10-28T19:52:31.387Z,Printer_7,parent,Tracking_comp,3DOR100077,Printer_7
2024-10-07T13:58:14.815293004Z,2024-11-06T13:58:14.815293004Z,2024-10-28T20:06:34.578Z,3DOR100078,child,Tracking_comp,3DOR100078,ORBOX00114
2024-10-07T13:58:14.815293004Z,2024-11-06T13:58:14.815293004Z,2024-10-28T20:06:34.578Z,ORBOX00114,parent,Tracking_comp,3DOR100078,ORBOX00114
2024-10-07T13:58:14.815293004Z,2024-11-06T13:58:14.815293004Z,2024-10-28T19:56:05.792Z,3DOR100078,child,Tracking_comp,3DOR100078,Printer_8
2024-10-07T13:58:14.815293004Z,2024-11-06T13:58:14.815293004Z,2024-10-28T19:56:05.792Z,Printer_8,parent,Tracking_comp,3DOR100078,Printer_8
2024-10-07T13:58:14.815293004Z,2024-11-06T13:58:14.815293004Z,2024-10-28T20:06:53.456Z,3DOR100079,child,Tracking_comp,3DOR100079,ORBOX00122
2024-10-07T13:58:14.815293004Z,2024-11-06T13:58:14.815293004Z,2024-10-28T20:06:53.456Z,ORBOX00122,parent,Tracking_comp,3DOR100079,ORBOX00122
2024-10-07T13:58:14.815293004Z,2024-11-06T13:58:14.815293004Z,2024-10-28T19:59:45.398Z,3DOR100079,child,Tracking_comp,3DOR100079,Printer_9
2024-10-07T13:58:14.815293004Z,2024-11-06T13:58:14.815293004Z,2024-10-28T19:59:45.398Z,Printer_9,parent,Tracking_comp,3DOR100079,Printer_9
2024-10-07T13:58:14.815293004Z,2024-11-06T13:58:14.815293004Z,2024-10-28T14:18:15.401Z,3DOR10008,child,Tracking_comp,3DOR10008,ORBOX0014
2024-10-07T13:58:14.815293004Z,2024-11-06T13:58:14.815293004Z,2024-10-28T14:18:15.401Z,ORBOX0014,parent,Tracking_comp,3DOR10008,ORBOX0014
2024-10-07T13:58:14.815293004Z,2024-11-06T13:58:14.815293004Z,2024-10-28T14:05:56.036Z,3DOR10008,child,Tracking_comp,3DOR10008,Printer_8
2024-10-07T13:58:14.815293004Z,2024-11-06T13:58:14.815293004Z,2024-10-28T14:05:56.036Z,Printer_8,parent,Tracking_comp,3DOR10008,Printer_8
2024-10-07T13:58:14.815293004Z,2024-11-06T13:58:14.815293004Z,2024-10-28T20:06:51.352Z,3DOR100080,child,Tracking_comp,3DOR100080,ORBOX00122
2024-10-07T13:58:14.815293004Z,2024-11-06T13:58:14.815293004Z,2024-10-28T20:06:51.352Z,ORBOX00122,parent,Tracking_comp,3DOR100080,ORBOX00122
2024-10-07T13:58:14.815293004Z,2024-11-06T13:58:14.815293004Z,2024-10-28T20:03:42.586Z,3DOR100080,child,Tracking_comp,3DOR100080,Printer_10
2024-10-07T13:58:14.815293004Z,2024-11-06T13:58:14.815293004Z,2024-10-28T20:03:42.586Z,Printer_10,parent,Tracking_comp,3DOR100080,Printer_10
2024-10-07T13:58:14.815293004Z,2024-11-06T13:58:14.815293004Z,2024-10-28T20:47:55.704Z,3DOR100081,child,Tracking_comp,3DOR100081,ORBOX00111
2024-10-07T13:58:14.815293004Z,2024-11-06T13:58:14.815293004Z,2024-10-28T20:48:53.118Z,3DOR100081,child,Tracking_comp,3DOR100081,ORBOX00111
2024-10-07T13:58:14.815293004Z,2024-11-06T13:58:14.815293004Z,2024-10-28T20:47:55.704Z,ORBOX00111,parent,Tracking_comp,3DOR100081,ORBOX00111
2024-10-07T13:58:14.815293004Z,2024-11-06T13:58:14.815293004Z,2024-10-28T20:48:53.118Z,ORBOX00111,parent,Tracking_comp,3DOR100081,ORBOX00111
2024-10-07T13:58:14.815293004Z,2024-11-06T13:58:14.815293004Z,2024-10-28T20:11:20.35Z,3DOR100081,child,Tracking_comp,3DOR100081,Printer_1
2024-10-07T13:58:14.815293004Z,2024-11-06T13:58:14.815293004Z,2024-10-28T20:11:20.35Z,Printer_1,parent,Tracking_comp,3DOR100081,Printer_1
2024-10-07T13:58:14.815293004Z,2024-11-06T13:58:14.815293004Z,2024-10-28T20:48:20.454Z,3DOR100082,child,Tracking_comp,3DOR100082,3DOR100082
2024-10-07T13:58:14.815293004Z,2024-11-06T13:58:14.815293004Z,2024-10-28T20:48:20.454Z,3DOR100082,parent,Tracking_comp,3DOR100082,3DOR100082
2024-10-07T13:58:14.815293004Z,2024-11-06T13:58:14.815293004Z,2024-10-28T20:15:19.079Z,3DOR100082,child,Tracking_comp,3DOR100082,Printer_2
2024-10-07T13:58:14.815293004Z,2024-11-06T13:58:14.815293004Z,2024-10-28T20:15:19.079Z,Printer_2,parent,Tracking_comp,3DOR100082,Printer_2
2024-10-07T13:58:14.815293004Z,2024-11-06T13:58:14.815293004Z,2024-10-28T20:48:16.209Z,3DOR100084,child,Tracking_comp,3DOR100084,3DOR100082
2024-10-07T13:58:14.815293004Z,2024-11-06T13:58:14.815293004Z,2024-10-28T20:48:16.209Z,3DOR100082,parent,Tracking_comp,3DOR100084,3DOR100082
2024-10-07T13:58:14.815293004Z,2024-11-06T13:58:14.815293004Z,2024-10-28T20:23:02.495Z,3DOR100084,child,Tracking_comp,3DOR100084,Printer_4
2024-10-07T13:58:14.815293004Z,2024-11-06T13:58:14.815293004Z,2024-10-28T20:23:02.495Z,Printer_4,parent,Tracking_comp,3DOR100084,Printer_4
2024-10-07T13:58:14.815293004Z,2024-11-06T13:58:14.815293004Z,2024-10-28T20:47:58.254Z,3DOR100085,child,Tracking_comp,3DOR100085,ORBOX00111
2024-10-07T13:58:14.815293004Z,2024-11-06T13:58:14.815293004Z,2024-10-28T20:48:55.662Z,3DOR100085,child,Tracking_comp,3DOR100085,ORBOX00111
2024-10-07T13:58:14.815293004Z,2024-11-06T13:58:14.815293004Z,2024-10-28T20:47:58.254Z,ORBOX00111,parent,Tracking_comp,3DOR100085,ORBOX00111
2024-10-07T13:58:14.815293004Z,2024-11-06T13:58:14.815293004Z,2024-10-28T20:48:55.662Z,ORBOX00111,parent,Tracking_comp,3DOR100085,ORBOX00111
2024-10-07T13:58:14.815293004Z,2024-11-06T13:58:14.815293004Z,2024-10-28T20:26:39.816Z,3DOR100085,child,Tracking_comp,3DOR100085,Printer_5
2024-10-07T13:58:14.815293004Z,2024-11-06T13:58:14.815293004Z,2024-10-28T20:26:39.816Z,Printer_5,parent,Tracking_comp,3DOR100085,Printer_5
2024-10-07T13:58:14.815293004Z,2024-11-06T13:58:14.815293004Z,2024-10-28T20:47:56.488Z,3DOR100086,child,Tracking_comp,3DOR100086,ORBOX00111
2024-10-07T13:58:14.815293004Z,2024-11-06T13:58:14.815293004Z,2024-10-28T20:48:53.814Z,3DOR100086,child,Tracking_comp,3DOR100086,ORBOX00111
2024-10-07T13:58:14.815293004Z,2024-11-06T13:58:14.815293004Z,2024-10-28T20:47:56.488Z,ORBOX00111,parent,Tracking_comp,3DOR100086,ORBOX00111
2024-10-07T13:58:14.815293004Z,2024-11-06T13:58:14.815293004Z,2024-10-28T20:48:53.814Z,ORBOX00111,parent,Tracking_comp,3DOR100086,ORBOX00111
2024-10-07T13:58:14.815293004Z,2024-11-06T13:58:14.815293004Z,2024-10-28T20:30:32.593Z,3DOR100086,child,Tracking_comp,3DOR100086,Printer_6
2024-10-07T13:58:14.815293004Z,2024-11-06T13:58:14.815293004Z,2024-10-28T20:30:32.593Z,Printer_6,parent,Tracking_comp,3DOR100086,Printer_6
2024-10-07T13:58:14.815293004Z,2024-11-06T13:58:14.815293004Z,2024-10-28T20:48:19.148Z,3DOR100087,child,Tracking_comp,3DOR100087,3DOR100082
2024-10-07T13:58:14.815293004Z,2024-11-06T13:58:14.815293004Z,2024-10-28T20:48:19.148Z,3DOR100082,parent,Tracking_comp,3DOR100087,3DOR100082
2024-10-07T13:58:14.815293004Z,2024-11-06T13:58:14.815293004Z,2024-10-28T20:34:27.14Z,3DOR100087,child,Tracking_comp,3DOR100087,Printer_7
2024-10-07T13:58:14.815293004Z,2024-11-06T13:58:14.815293004Z,2024-10-28T20:34:27.14Z,Printer_7,parent,Tracking_comp,3DOR100087,Printer_7
2024-10-07T13:58:14.815293004Z,2024-11-06T13:58:14.815293004Z,2024-10-28T20:47:57.085Z,3DOR100088,child,Tracking_comp,3DOR100088,ORBOX00111
2024-10-07T13:58:14.815293004Z,2024-11-06T13:58:14.815293004Z,2024-10-28T20:48:54.414Z,3DOR100088,child,Tracking_comp,3DOR100088,ORBOX00111
2024-10-07T13:58:14.815293004Z,2024-11-06T13:58:14.815293004Z,2024-10-28T20:47:57.085Z,ORBOX00111,parent,Tracking_comp,3DOR100088,ORBOX00111
2024-10-07T13:58:14.815293004Z,2024-11-06T13:58:14.815293004Z,2024-10-28T20:48:54.414Z,ORBOX00111,parent,Tracking_comp,3DOR100088,ORBOX00111
2024-10-07T13:58:14.815293004Z,2024-11-06T13:58:14.815293004Z,2024-10-28T20:38:10.115Z,3DOR100088,child,Tracking_comp,3DOR100088,Printer_8
2024-10-07T13:58:14.815293004Z,2024-11-06T13:58:14.815293004Z,2024-10-28T20:38:10.115Z,Printer_8,parent,Tracking_comp,3DOR100088,Printer_8
2024-10-07T13:58:14.815293004Z,2024-11-06T13:58:14.815293004Z,2024-10-28T20:47:57.677Z,3DOR100089,child,Tracking_comp,3DOR100089,ORBOX00111
2024-10-07T13:58:14.815293004Z,2024-11-06T13:58:14.815293004Z,2024-10-28T20:48:55.037Z,3DOR100089,child,Tracking_comp,3DOR100089,ORBOX00111
2024-10-07T13:58:14.815293004Z,2024-11-06T13:58:14.815293004Z,2024-10-28T20:47:57.677Z,ORBOX00111,parent,Tracking_comp,3DOR100089,ORBOX00111
2024-10-07T13:58:14.815293004Z,2024-11-06T13:58:14.815293004Z,2024-10-28T20:48:55.037Z,ORBOX00111,parent,Tracking_comp,3DOR100089,ORBOX00111
2024-10-07T13:58:14.815293004Z,2024-11-06T13:58:14.815293004Z,2024-10-28T20:41:50.667Z,3DOR100089,child,Tracking_comp,3DOR100089,Printer_9
2024-10-07T13:58:14.815293004Z,2024-11-06T13:58:14.815293004Z,2024-10-28T20:41:50.667Z,Printer_9,parent,Tracking_comp,3DOR100089,Printer_9
2024-10-07T13:58:14.815293004Z,2024-11-06T13:58:14.815293004Z,2024-10-28T14:17:23.25Z,3DOR10009,child,Tracking_comp,3DOR10009,ORBOX00116
2024-10-07T13:58:14.815293004Z,2024-11-06T13:58:14.815293004Z,2024-10-28T14:17:23.25Z,ORBOX00116,parent,Tracking_comp,3DOR10009,ORBOX00116
2024-10-07T13:58:14.815293004Z,2024-11-06T13:58:14.815293004Z,2024-10-28T14:10:28.363Z,3DOR10009,child,Tracking_comp,3DOR10009,Printer_9
2024-10-07T13:58:14.815293004Z,2024-11-06T13:58:14.815293004Z,2024-10-28T14:10:28.363Z,Printer_9,parent,Tracking_comp,3DOR10009,Printer_9
2024-10-07T13:58:14.815293004Z,2024-11-06T13:58:14.815293004Z,2024-10-28T20:48:19.887Z,3DOR100090,child,Tracking_comp,3DOR100090,3DOR100082
2024-10-07T13:58:14.815293004Z,2024-11-06T13:58:14.815293004Z,2024-10-28T20:48:19.887Z,3DOR100082,parent,Tracking_comp,3DOR100090,3DOR100082
2024-10-07T13:58:14.815293004Z,2024-11-06T13:58:14.815293004Z,2024-10-28T20:45:24.853Z,3DOR100090,child,Tracking_comp,3DOR100090,Printer_10
2024-10-07T13:58:14.815293004Z,2024-11-06T13:58:14.815293004Z,2024-10-28T20:45:24.853Z,Printer_10,parent,Tracking_comp,3DOR100090,Printer_10
2024-10-07T13:58:14.815293004Z,2024-11-06T13:58:14.815293004Z,2024-10-28T21:30:36.477Z,3DOR100091,child,Tracking_comp,3DOR100091,ORBOX0018
2024-10-07T13:58:14.815293004Z,2024-11-06T13:58:14.815293004Z,2024-10-28T21:30:36.477Z,ORBOX0018,parent,Tracking_comp,3DOR100091,ORBOX0018
2024-10-07T13:58:14.815293004Z,2024-11-06T13:58:14.815293004Z,2024-10-28T20:53:24.678Z,3DOR100091,child,Tracking_comp,3DOR100091,Printer_1
2024-10-07T13:58:14.815293004Z,2024-11-06T13:58:14.815293004Z,2024-10-28T20:53:24.678Z,Printer_1,parent,Tracking_comp,3DOR100091,Printer_1
2024-10-07T13:58:14.815293004Z,2024-11-06T13:58:14.815293004Z,2024-10-28T21:30:22.828Z,3DOR100092,child,Tracking_comp,3DOR100092,ORBOX0019
2024-10-07T13:58:14.815293004Z,2024-11-06T13:58:14.815293004Z,2024-10-28T21:30:22.828Z,ORBOX0019,parent,Tracking_comp,3DOR100092,ORBOX0019
2024-10-07T13:58:14.815293004Z,2024-11-06T13:58:14.815293004Z,2024-10-28T20:57:00.569Z,3DOR100092,child,Tracking_comp,3DOR100092,Printer_2
2024-10-07T13:58:14.815293004Z,2024-11-06T13:58:14.815293004Z,2024-10-28T20:57:00.569Z,Printer_2,parent,Tracking_comp,3DOR100092,Printer_2
2024-10-07T13:58:14.815293004Z,2024-11-06T13:58:14.815293004Z,2024-10-28T21:30:21.013Z,3DOR100093,child,Tracking_comp,3DOR100093,ORBOX0019
2024-10-07T13:58:14.815293004Z,2024-11-06T13:58:14.815293004Z,2024-10-28T21:30:21.013Z,ORBOX0019,parent,Tracking_comp,3DOR100093,ORBOX0019
2024-10-07T13:58:14.815293004Z,2024-11-06T13:58:14.815293004Z,2024-10-28T21:00:49.375Z,3DOR100093,child,Tracking_comp,3DOR100093,Printer_3
2024-10-07T13:58:14.815293004Z,2024-11-06T13:58:14.815293004Z,2024-10-28T21:00:49.375Z,Printer_3,parent,Tracking_comp,3DOR100093,Printer_3
2024-10-07T13:58:14.815293004Z,2024-11-06T13:58:14.815293004Z,2024-10-28T21:30:35.343Z,3DOR100094,child,Tracking_comp,3DOR100094,ORBOX0018
2024-10-07T13:58:14.815293004Z,2024-11-06T13:58:14.815293004Z,2024-10-28T21:30:35.343Z,ORBOX0018,parent,Tracking_comp,3DOR100094,ORBOX0018
2024-10-07T13:58:14.815293004Z,2024-11-06T13:58:14.815293004Z,2024-10-28T21:04:59.44Z,3DOR100094,child,Tracking_comp,3DOR100094,Printer_4
2024-10-07T13:58:14.815293004Z,2024-11-06T13:58:14.815293004Z,2024-10-28T21:04:59.44Z,Printer_4,parent,Tracking_comp,3DOR100094,Printer_4
2024-10-07T13:58:14.815293004Z,2024-11-06T13:58:14.815293004Z,2024-10-28T21:30:21.567Z,3DOR100095,child,Tracking_comp,3DOR100095,ORBOX0019
2024-10-07T13:58:14.815293004Z,2024-11-06T13:58:14.815293004Z,2024-10-28T21:30:21.567Z,ORBOX0019,parent,Tracking_comp,3DOR100095,ORBOX0019
2024-10-07T13:58:14.815293004Z,2024-11-06T13:58:14.815293004Z,2024-10-28T21:09:26.026Z,3DOR100095,child,Tracking_comp,3DOR100095,Printer_5
2024-10-07T13:58:14.815293004Z,2024-11-06T13:58:14.815293004Z,2024-10-28T21:09:26.026Z,Printer_5,parent,Tracking_comp,3DOR100095,Printer_5
2024-10-07T13:58:14.815293004Z,2024-11-06T13:58:14.815293004Z,2024-10-28T21:30:20.441Z,3DOR100096,child,Tracking_comp,3DOR100096,ORBOX0019
2024-10-07T13:58:14.815293004Z,2024-11-06T13:58:14.815293004Z,2024-10-28T21:30:20.441Z,ORBOX0019,parent,Tracking_comp,3DOR100096,ORBOX0019
2024-10-07T13:58:14.815293004Z,2024-11-06T13:58:14.815293004Z,2024-10-28T21:13:00.041Z,3DOR100096,child,Tracking_comp,3DOR100096,Printer_6
2024-10-07T13:58:14.815293004Z,2024-11-06T13:58:14.815293004Z,2024-10-28T21:13:00.041Z,Printer_6,parent,Tracking_comp,3DOR100096,Printer_6
2024-10-07T13:58:14.815293004Z,2024-11-06T13:58:14.815293004Z,2024-10-28T21:30:35.878Z,3DOR100097,child,Tracking_comp,3DOR100097,ORBOX0018
2024-10-07T13:58:14.815293004Z,2024-11-06T13:58:14.815293004Z,2024-10-28T21:30:35.878Z,ORBOX0018,parent,Tracking_comp,3DOR100097,ORBOX0018
2024-10-07T13:58:14.815293004Z,2024-11-06T13:58:14.815293004Z,2024-10-28T21:17:01.994Z,3DOR100097,child,Tracking_comp,3DOR100097,Printer_7
2024-10-07T13:58:14.815293004Z,2024-11-06T13:58:14.815293004Z,2024-10-28T21:17:01.994Z,Printer_7,parent,Tracking_comp,3DOR100097,Printer_7
2024-10-07T13:58:14.815293004Z,2024-11-06T13:58:14.815293004Z,2024-10-28T21:20:58.355Z,3DOR100098,child,Tracking_comp,3DOR100098,Printer_8
2024-10-07T13:58:14.815293004Z,2024-11-06T13:58:14.815293004Z,2024-10-28T21:20:58.355Z,Printer_8,parent,Tracking_comp,3DOR100098,Printer_8
2024-10-07T13:58:14.815293004Z,2024-11-06T13:58:14.815293004Z,2024-10-28T21:30:34.074Z,3DOR100099,child,Tracking_comp,3DOR100099,ORBOX0018
2024-10-07T13:58:14.815293004Z,2024-11-06T13:58:14.815293004Z,2024-10-28T21:30:34.711Z,3DOR100099,child,Tracking_comp,3DOR100099,ORBOX0018
2024-10-07T13:58:14.815293004Z,2024-11-06T13:58:14.815293004Z,2024-10-28T21:30:34.074Z,ORBOX0018,parent,Tracking_comp,3DOR100099,ORBOX0018
2024-10-07T13:58:14.815293004Z,2024-11-06T13:58:14.815293004Z,2024-10-28T21:30:34.711Z,ORBOX0018,parent,Tracking_comp,3DOR100099,ORBOX0018
2024-10-07T13:58:14.815293004Z,2024-11-06T13:58:14.815293004Z,2024-10-28T21:24:59.453Z,3DOR100099,child,Tracking_comp,3DOR100099,Printer_9
2024-10-07T13:58:14.815293004Z,2024-11-06T13:58:14.815293004Z,2024-10-28T21:24:59.453Z,Printer_9,parent,Tracking_comp,3DOR100099,Printer_9
2024-10-07T13:58:14.815293004Z,2024-11-06T13:58:14.815293004Z,2024-10-28T13:00:17.115Z,ABSM0004,child,Tracking_comp,ABSM0004,Printer_4
2024-10-07T13:58:14.815293004Z,2024-11-06T13:58:14.815293004Z,2024-10-28T13:00:17.115Z,Printer_4,parent,Tracking_comp,ABSM0004,Printer_4
2024-10-07T13:58:14.815293004Z,2024-11-06T13:58:14.815293004Z,2024-10-28T13:00:40.444Z,ABSM0005,child,Tracking_comp,ABSM0005,Printer_5
2024-10-07T13:58:14.815293004Z,2024-11-06T13:58:14.815293004Z,2024-10-28T13:00:40.444Z,Printer_5,parent,Tracking_comp,ABSM0005,Printer_5
2024-10-07T13:58:14.815293004Z,2024-11-06T13:58:14.815293004Z,2024-10-28T13:01:05.89Z,ABSM0006,child,Tracking_comp,ABSM0006,Printer_6
2024-10-07T13:58:14.815293004Z,2024-11-06T13:58:14.815293004Z,2024-10-28T13:01:05.89Z,Printer_6,parent,Tracking_comp,ABSM0006,Printer_6
2024-10-07T13:58:14.815293004Z,2024-11-06T13:58:14.815293004Z,2024-10-28T13:14:06.452Z,ABSM0007,child,Tracking_comp,ABSM0007,Printer_7
2024-10-07T13:58:14.815293004Z,2024-11-06T13:58:14.815293004Z,2024-10-28T13:14:06.452Z,Printer_7,parent,Tracking_comp,ABSM0007,Printer_7
2024-10-07T13:58:14.815293004Z,2024-11-06T13:58:14.815293004Z,2024-10-28T12:58:36.513Z,Printer_1,child,Tracking_comp,Printer_1,2199003780
2024-10-07T13:58:14.815293004Z,2024-11-06T13:58:14.815293004Z,2024-10-28T12:58:36.513Z,2199003780,parent,Tracking_comp,Printer_1,2199003780
2024-10-07T13:58:14.815293004Z,2024-11-06T13:58:14.815293004Z,2024-10-28T13:45:43.782Z,Printer_1,child,Tracking_comp,Printer_1,2546161408
2024-10-07T13:58:14.815293004Z,2024-11-06T13:58:14.815293004Z,2024-10-28T14:37:30.977Z,Printer_1,child,Tracking_comp,Printer_1,2546161408
2024-10-07T13:58:14.815293004Z,2024-11-06T13:58:14.815293004Z,2024-10-28T15:13:57.7Z,Printer_1,child,Tracking_comp,Printer_1,2546161408
2024-10-07T13:58:14.815293004Z,2024-11-06T13:58:14.815293004Z,2024-10-28T16:02:17.952Z,Printer_1,child,Tracking_comp,Printer_1,2546161408
2024-10-07T13:58:14.815293004Z,2024-11-06T13:58:14.815293004Z,2024-10-28T16:53:04.795Z,Printer_1,child,Tracking_comp,Printer_1,2546161408
2024-10-07T13:58:14.815293004Z,2024-11-06T13:58:14.815293004Z,2024-10-28T13:45:43.782Z,2546161408,parent,Tracking_comp,Printer_1,2546161408
2024-10-07T13:58:14.815293004Z,2024-11-06T13:58:14.815293004Z,2024-10-28T14:37:30.977Z,2546161408,parent,Tracking_comp,Printer_1,2546161408
2024-10-07T13:58:14.815293004Z,2024-11-06T13:58:14.815293004Z,2024-10-28T15:13:57.7Z,2546161408,parent,Tracking_comp,Printer_1,2546161408
2024-10-07T13:58:14.815293004Z,2024-11-06T13:58:14.815293004Z,2024-10-28T16:02:17.952Z,2546161408,parent,Tracking_comp,Printer_1,2546161408
2024-10-07T13:58:14.815293004Z,2024-11-06T13:58:14.815293004Z,2024-10-28T16:53:04.795Z,2546161408,parent,Tracking_comp,Printer_1,2546161408
2024-10-07T13:58:14.815293004Z,2024-11-06T13:58:14.815293004Z,2024-10-25T16:44:11.595Z,Printer_1,child,Tracking_comp,Printer_1,ABSM0001
2024-10-07T13:58:14.815293004Z,2024-11-06T13:58:14.815293004Z,2024-10-28T12:55:39.976Z,Printer_1,child,Tracking_comp,Printer_1,ABSM0001
2024-10-07T13:58:14.815293004Z,2024-11-06T13:58:14.815293004Z,2024-10-25T16:44:11.595Z,ABSM0001,parent,Tracking_comp,Printer_1,ABSM0001
2024-10-07T13:58:14.815293004Z,2024-11-06T13:58:14.815293004Z,2024-10-28T12:55:39.976Z,ABSM0001,parent,Tracking_comp,Printer_1,ABSM0001
2024-10-07T13:58:14.815293004Z,2024-11-06T13:58:14.815293004Z,2024-10-28T14:16:04.005Z,Printer_10,child,Tracking_comp,Printer_10,2546161408
2024-10-07T13:58:14.815293004Z,2024-11-06T13:58:14.815293004Z,2024-10-28T14:57:05.088Z,Printer_10,child,Tracking_comp,Printer_10,2546161408
2024-10-07T13:58:14.815293004Z,2024-11-06T13:58:14.815293004Z,2024-10-28T15:51:01.525Z,Printer_10,child,Tracking_comp,Printer_10,2546161408
2024-10-07T13:58:14.815293004Z,2024-11-06T13:58:14.815293004Z,2024-10-28T16:35:35.597Z,Printer_10,child,Tracking_comp,Printer_10,2546161408
2024-10-07T13:58:14.815293004Z,2024-11-06T13:58:14.815293004Z,2024-10-28T17:23:40.468Z,Printer_10,child,Tracking_comp,Printer_10,2546161408
2024-10-07T13:58:14.815293004Z,2024-11-06T13:58:14.815293004Z,2024-10-28T14:16:04.005Z,2546161408,parent,Tracking_comp,Printer_10,2546161408
2024-10-07T13:58:14.815293004Z,2024-11-06T13:58:14.815293004Z,2024-10-28T14:57:05.088Z,2546161408,parent,Tracking_comp,Printer_10,2546161408
2024-10-07T13:58:14.815293004Z,2024-11-06T13:58:14.815293004Z,2024-10-28T15:51:01.525Z,2546161408,parent,Tracking_comp,Printer_10,2546161408
2024-10-07T13:58:14.815293004Z,2024-11-06T13:58:14.815293004Z,2024-10-28T16:35:35.597Z,2546161408,parent,Tracking_comp,Printer_10,2546161408
2024-10-07T13:58:14.815293004Z,2024-11-06T13:58:14.815293004Z,2024-10-28T17:23:40.468Z,2546161408,parent,Tracking_comp,Printer_10,2546161408
2024-10-07T13:58:14.815293004Z,2024-11-06T13:58:14.815293004Z,2024-10-28T13:15:34.292Z,Printer_10,child,Tracking_comp,Printer_10,ABSM0010
2024-10-07T13:58:14.815293004Z,2024-11-06T13:58:14.815293004Z,2024-10-28T13:15:34.292Z,ABSM0010,parent,Tracking_comp,Printer_10,ABSM0010
2024-10-07T13:58:14.815293004Z,2024-11-06T13:58:14.815293004Z,2024-10-28T17:37:18.557Z,Printer_2,child,Tracking_comp,Printer_2,1677565722
2024-10-07T13:58:14.815293004Z,2024-11-06T13:58:14.815293004Z,2024-10-28T17:37:18.557Z,1677565722,parent,Tracking_comp,Printer_2,1677565722
2024-10-07T13:58:14.815293004Z,2024-11-06T13:58:14.815293004Z,2024-10-28T13:47:14.173Z,Printer_2,child,Tracking_comp,Printer_2,2546161408
2024-10-07T13:58:14.815293004Z,2024-11-06T13:58:14.815293004Z,2024-10-28T14:40:11.114Z,Printer_2,child,Tracking_comp,Printer_2,2546161408
2024-10-07T13:58:14.815293004Z,2024-11-06T13:58:14.815293004Z,2024-10-28T16:04:34.026Z,Printer_2,child,Tracking_comp,Printer_2,2546161408
2024-10-07T13:58:14.815293004Z,2024-11-06T13:58:14.815293004Z,2024-10-28T16:53:07.208Z,Printer_2,child,Tracking_comp,Printer_2,2546161408
2024-10-07T13:58:14.815293004Z,2024-11-06T13:58:14.815293004Z,2024-10-28T13:47:14.173Z,2546161408,parent,Tracking_comp,Printer_2,2546161408
2024-10-07T13:58:14.815293004Z,2024-11-06T13:58:14.815293004Z,2024-10-28T14:40:11.114Z,2546161408,parent,Tracking_comp,Printer_2,2546161408
2024-10-07T13:58:14.815293004Z,2024-11-06T13:58:14.815293004Z,2024-10-28T16:04:34.026Z,2546161408,parent,Tracking_comp,Printer_2,2546161408
2024-10-07T13:58:14.815293004Z,2024-11-06T13:58:14.815293004Z,2024-10-28T16:53:07.208Z,2546161408,parent,Tracking_comp,Printer_2,2546161408
2024-10-07T13:58:14.815293004Z,2024-11-06T13:58:14.815293004Z,2024-10-28T12:59:26.027Z,Printer_2,child,Tracking_comp,Printer_2,ABSM0002
2024-10-07T13:58:14.815293004Z,2024-11-06T13:58:14.815293004Z,2024-10-28T12:59:26.027Z,ABSM0002,parent,Tracking_comp,Printer_2,ABSM0002
2024-10-07T13:58:14.815293004Z,2024-11-06T13:58:14.815293004Z,2024-10-28T13:49:49.239Z,Printer_3,child,Tracking_comp,Printer_3,2546161408
2024-10-07T13:58:14.815293004Z,2024-11-06T13:58:14.815293004Z,2024-10-28T14:42:36.084Z,Printer_3,child,Tracking_comp,Printer_3,2546161408
2024-10-07T13:58:14.815293004Z,2024-11-06T13:58:14.815293004Z,2024-10-28T15:17:58.426Z,Printer_3,child,Tracking_comp,Printer_3,2546161408
2024-10-07T13:58:14.815293004Z,2024-11-06T13:58:14.815293004Z,2024-10-28T15:28:44.233Z,Printer_3,child,Tracking_comp,Printer_3,2546161408
2024-10-07T13:58:14.815293004Z,2024-11-06T13:58:14.815293004Z,2024-10-28T16:07:27.701Z,Printer_3,child,Tracking_comp,Printer_3,2546161408
2024-10-07T13:58:14.815293004Z,2024-11-06T13:58:14.815293004Z,2024-10-28T16:53:05.496Z,Printer_3,child,Tracking_comp,Printer_3,2546161408
2024-10-07T13:58:14.815293004Z,2024-11-06T13:58:14.815293004Z,2024-10-28T13:49:49.239Z,2546161408,parent,Tracking_comp,Printer_3,2546161408
2024-10-07T13:58:14.815293004Z,2024-11-06T13:58:14.815293004Z,2024-10-28T14:42:36.084Z,2546161408,parent,Tracking_comp,Printer_3,2546161408
2024-10-07T13:58:14.815293004Z,2024-11-06T13:58:14.815293004Z,2024-10-28T15:17:58.426Z,2546161408,parent,Tracking_comp,Printer_3,2546161408
2024-10-07T13:58:14.815293004Z,2024-11-06T13:58:14.815293004Z,2024-10-28T15:28:44.233Z,2546161408,parent,Tracking_comp,Printer_3,2546161408
2024-10-07T13:58:14.815293004Z,2024-11-06T13:58:14.815293004Z,2024-10-28T16:07:27.701Z,2546161408,parent,Tracking_comp,Printer_3,2546161408
2024-10-07T13:58:14.815293004Z,2024-11-06T13:58:14.815293004Z,2024-10-28T16:53:05.496Z,2546161408,parent,Tracking_comp,Printer_3,2546161408
2024-10-07T13:58:14.815293004Z,2024-11-06T13:58:14.815293004Z,2024-10-28T12:59:53.59Z,Printer_3,child,Tracking_comp,Printer_3,ABSM0003
2024-10-07T13:58:14.815293004Z,2024-11-06T13:58:14.815293004Z,2024-10-28T12:59:53.59Z,ABSM0003,parent,Tracking_comp,Printer_3,ABSM0003
2024-10-07T13:58:14.815293004Z,2024-11-06T13:58:14.815293004Z,2024-10-28T13:52:59.074Z,Printer_4,child,Tracking_comp,Printer_4,2546161408
2024-10-07T13:58:14.815293004Z,2024-11-06T13:58:14.815293004Z,2024-10-28T14:44:03.909Z,Printer_4,child,Tracking_comp,Printer_4,2546161408
2024-10-07T13:58:14.815293004Z,2024-11-06T13:58:14.815293004Z,2024-10-28T15:30:22.13Z,Printer_4,child,Tracking_comp,Printer_4,2546161408
2024-10-07T13:58:14.815293004Z,2024-11-06T13:58:14.815293004Z,2024-10-28T16:12:02.322Z,Printer_4,child,Tracking_comp,Printer_4,2546161408
2024-10-07T13:58:14.815293004Z,2024-11-06T13:58:14.815293004Z,2024-10-28T16:59:02.826Z,Printer_4,child,Tracking_comp,Printer_4,2546161408
2024-10-07T13:58:14.815293004Z,2024-11-06T13:58:14.815293004Z,2024-10-28T13:52:59.074Z,2546161408,parent,Tracking_comp,Printer_4,2546161408
2024-10-07T13:58:14.815293004Z,2024-11-06T13:58:14.815293004Z,2024-10-28T14:44:03.909Z,2546161408,parent,Tracking_comp,Printer_4,2546161408
2024-10-07T13:58:14.815293004Z,2024-11-06T13:58:14.815293004Z,2024-10-28T15:30:22.13Z,2546161408,parent,Tracking_comp,Printer_4,2546161408
2024-10-07T13:58:14.815293004Z,2024-11-06T13:58:14.815293004Z,2024-10-28T16:12:02.322Z,2546161408,parent,Tracking_comp,Printer_4,2546161408
2024-10-07T13:58:14.815293004Z,2024-11-06T13:58:14.815293004Z,2024-10-28T16:59:02.826Z,2546161408,parent,Tracking_comp,Printer_4,2546161408
2024-10-07T13:58:14.815293004Z,2024-11-06T13:58:14.815293004Z,2024-10-28T16:57:17.039Z,Printer_4,child,Tracking_comp,Printer_4,3DOR100044
2024-10-07T13:58:14.815293004Z,2024-11-06T13:58:14.815293004Z,2024-10-28T16:57:17.039Z,3DOR100044,parent,Tracking_comp,Printer_4,3DOR100044
2024-10-07T13:58:14.815293004Z,2024-11-06T13:58:14.815293004Z,2024-10-28T13:55:08.551Z,Printer_5,child,Tracking_comp,Printer_5,2546161408
2024-10-07T13:58:14.815293004Z,2024-11-06T13:58:14.815293004Z,2024-10-28T14:46:07.831Z,Printer_5,child,Tracking_comp,Printer_5,2546161408
2024-10-07T13:58:14.815293004Z,2024-11-06T13:58:14.815293004Z,2024-10-28T15:32:31.307Z,Printer_5,child,Tracking_comp,Printer_5,2546161408
2024-10-07T13:58:14.815293004Z,2024-11-06T13:58:14.815293004Z,2024-10-28T16:15:49.707Z,Printer_5,child,Tracking_comp,Printer_5,2546161408
2024-10-07T13:58:14.815293004Z,2024-11-06T13:58:14.815293004Z,2024-10-28T13:55:08.551Z,2546161408,parent,Tracking_comp,Printer_5,2546161408
2024-10-07T13:58:14.815293004Z,2024-11-06T13:58:14.815293004Z,2024-10-28T14:46:07.831Z,2546161408,parent,Tracking_comp,Printer_5,2546161408
2024-10-07T13:58:14.815293004Z,2024-11-06T13:58:14.815293004Z,2024-10-28T15:32:31.307Z,2546161408,parent,Tracking_comp,Printer_5,2546161408
2024-10-07T13:58:14.815293004Z,2024-11-06T13:58:14.815293004Z,2024-10-28T16:15:49.707Z,2546161408,parent,Tracking_comp,Printer_5,2546161408
2024-10-07T13:58:14.815293004Z,2024-11-06T13:58:14.815293004Z,2024-10-28T13:59:04.585Z,Printer_6,child,Tracking_comp,Printer_6,2546161408
2024-10-07T13:58:14.815293004Z,2024-11-06T13:58:14.815293004Z,2024-10-28T14:04:12.162Z,Printer_6,child,Tracking_comp,Printer_6,2546161408
2024-10-07T13:58:14.815293004Z,2024-11-06T13:58:14.815293004Z,2024-10-28T14:48:16.805Z,Printer_6,child,Tracking_comp,Printer_6,2546161408
2024-10-07T13:58:14.815293004Z,2024-11-06T13:58:14.815293004Z,2024-10-28T15:34:48.125Z,Printer_6,child,Tracking_comp,Printer_6,2546161408
2024-10-07T13:58:14.815293004Z,2024-11-06T13:58:14.815293004Z,2024-10-28T16:19:51.585Z,Printer_6,child,Tracking_comp,Printer_6,2546161408
2024-10-07T13:58:14.815293004Z,2024-11-06T13:58:14.815293004Z,2024-10-28T17:07:46.323Z,Printer_6,child,Tracking_comp,Printer_6,2546161408
2024-10-07T13:58:14.815293004Z,2024-11-06T13:58:14.815293004Z,2024-10-28T17:09:58.522Z,Printer_6,child,Tracking_comp,Printer_6,2546161408
2024-10-07T13:58:14.815293004Z,2024-11-06T13:58:14.815293004Z,2024-10-28T13:59:04.585Z,2546161408,parent,Tracking_comp,Printer_6,2546161408
2024-10-07T13:58:14.815293004Z,2024-11-06T13:58:14.815293004Z,2024-10-28T14:04:12.162Z,2546161408,parent,Tracking_comp,Printer_6,2546161408
2024-10-07T13:58:14.815293004Z,2024-11-06T13:58:14.815293004Z,2024-10-28T14:48:16.805Z,2546161408,parent,Tracking_comp,Printer_6,2546161408
2024-10-07T13:58:14.815293004Z,2024-11-06T13:58:14.815293004Z,2024-10-28T15:34:48.125Z,2546161408,parent,Tracking_comp,Printer_6,2546161408
2024-10-07T13:58:14.815293004Z,2024-11-06T13:58:14.815293004Z,2024-10-28T16:19:51.585Z,2546161408,parent,Tracking_comp,Printer_6,2546161408
2024-10-07T13:58:14.815293004Z,2024-11-06T13:58:14.815293004Z,2024-10-28T17:07:46.323Z,2546161408,parent,Tracking_comp,Printer_6,2546161408
2024-10-07T13:58:14.815293004Z,2024-11-06T13:58:14.815293004Z,2024-10-28T17:09:58.522Z,2546161408,parent,Tracking_comp,Printer_6,2546161408
2024-10-07T13:58:14.815293004Z,2024-11-06T13:58:14.815293004Z,2024-10-28T14:50:23.658Z,Printer_7,child,Tracking_comp,Printer_7,2546161408
2024-10-07T13:58:14.815293004Z,2024-11-06T13:58:14.815293004Z,2024-10-28T15:39:01.554Z,Printer_7,child,Tracking_comp,Printer_7,2546161408
2024-10-07T13:58:14.815293004Z,2024-11-06T13:58:14.815293004Z,2024-10-28T17:12:03.003Z,Printer_7,child,Tracking_comp,Printer_7,2546161408
2024-10-07T13:58:14.815293004Z,2024-11-06T13:58:14.815293004Z,2024-10-28T17:15:28.209Z,Printer_7,child,Tracking_comp,Printer_7,2546161408
2024-10-07T13:58:14.815293004Z,2024-11-06T13:58:14.815293004Z,2024-10-28T14:50:23.658Z,2546161408,parent,Tracking_comp,Printer_7,2546161408
2024-10-07T13:58:14.815293004Z,2024-11-06T13:58:14.815293004Z,2024-10-28T15:39:01.554Z,2546161408,parent,Tracking_comp,Printer_7,2546161408
2024-10-07T13:58:14.815293004Z,2024-11-06T13:58:14.815293004Z,2024-10-28T17:12:03.003Z,2546161408,parent,Tracking_comp,Printer_7,2546161408
2024-10-07T13:58:14.815293004Z,2024-11-06T13:58:14.815293004Z,2024-10-28T17:15:28.209Z,2546161408,parent,Tracking_comp,Printer_7,2546161408
2024-10-07T13:58:14.815293004Z,2024-11-06T13:58:14.815293004Z,2024-10-28T15:37:22.516Z,Printer_7,child,Tracking_comp,Printer_7,3DOR100027
2024-10-07T13:58:14.815293004Z,2024-11-06T13:58:14.815293004Z,2024-10-28T15:37:22.516Z,3DOR100027,parent,Tracking_comp,Printer_7,3DOR100027
2024-10-07T13:58:14.815293004Z,2024-11-06T13:58:14.815293004Z,2024-10-28T14:52:21.866Z,Printer_8,child,Tracking_comp,Printer_8,2546161408
2024-10-07T13:58:14.815293004Z,2024-11-06T13:58:14.815293004Z,2024-10-28T15:43:35.929Z,Printer_8,child,Tracking_comp,Printer_8,2546161408
2024-10-07T13:58:14.815293004Z,2024-11-06T13:58:14.815293004Z,2024-10-28T16:29:05.341Z,Printer_8,child,Tracking_comp,Printer_8,2546161408
2024-10-07T13:58:14.815293004Z,2024-11-06T13:58:14.815293004Z,2024-10-28T17:15:29.998Z,Printer_8,child,Tracking_comp,Printer_8,2546161408
2024-10-07T13:58:14.815293004Z,2024-11-06T13:58:14.815293004Z,2024-10-28T14:52:21.866Z,2546161408,parent,Tracking_comp,Printer_8,2546161408
2024-10-07T13:58:14.815293004Z,2024-11-06T13:58:14.815293004Z,2024-10-28T15:43:35.929Z,2546161408,parent,Tracking_comp,Printer_8,2546161408
2024-10-07T13:58:14.815293004Z,2024-11-06T13:58:14.815293004Z,2024-10-28T16:29:05.341Z,2546161408,parent,Tracking_comp,Printer_8,2546161408
2024-10-07T13:58:14.815293004Z,2024-11-06T13:58:14.815293004Z,2024-10-28T17:15:29.998Z,2546161408,parent,Tracking_comp,Printer_8,2546161408
2024-10-07T13:58:14.815293004Z,2024-11-06T13:58:14.815293004Z,2024-10-28T13:14:35.323Z,Printer_8,child,Tracking_comp,Printer_8,ABSM0008
2024-10-07T13:58:14.815293004Z,2024-11-06T13:58:14.815293004Z,2024-10-28T13:14:35.323Z,ABSM0008,parent,Tracking_comp,Printer_8,ABSM0008
2024-10-07T13:58:14.815293004Z,2024-11-06T13:58:14.815293004Z,2024-10-28T14:07:26.199Z,Printer_9,child,Tracking_comp,Printer_9,2546161408
2024-10-07T13:58:14.815293004Z,2024-11-06T13:58:14.815293004Z,2024-10-28T14:11:45.393Z,Printer_9,child,Tracking_comp,Printer_9,2546161408
2024-10-07T13:58:14.815293004Z,2024-11-06T13:58:14.815293004Z,2024-10-28T14:54:48.691Z,Printer_9,child,Tracking_comp,Printer_9,2546161408
2024-10-07T13:58:14.815293004Z,2024-11-06T13:58:14.815293004Z,2024-10-28T15:47:51.102Z,Printer_9,child,Tracking_comp,Printer_9,2546161408
2024-10-07T13:58:14.815293004Z,2024-11-06T13:58:14.815293004Z,2024-10-28T16:35:34.465Z,Printer_9,child,Tracking_comp,Printer_9,2546161408
2024-10-07T13:58:14.815293004Z,2024-11-06T13:58:14.815293004Z,2024-10-28T17:19:32.323Z,Printer_9,child,Tracking_comp,Printer_9,2546161408
2024-10-07T13:58:14.815293004Z,2024-11-06T13:58:14.815293004Z,2024-10-28T14:07:26.199Z,2546161408,parent,Tracking_comp,Printer_9,2546161408
2024-10-07T13:58:14.815293004Z,2024-11-06T13:58:14.815293004Z,2024-10-28T14:11:45.393Z,2546161408,parent,Tracking_comp,Printer_9,2546161408
2024-10-07T13:58:14.815293004Z,2024-11-06T13:58:14.815293004Z,2024-10-28T14:54:48.691Z,2546161408,parent,Tracking_comp,Printer_9,2546161408
2024-10-07T13:58:14.815293004Z,2024-11-06T13:58:14.815293004Z,2024-10-28T15:47:51.102Z,2546161408,parent,Tracking_comp,Printer_9,2546161408
2024-10-07T13:58:14.815293004Z,2024-11-06T13:58:14.815293004Z,2024-10-28T16:35:34.465Z,2546161408,parent,Tracking_comp,Printer_9,2546161408
2024-10-07T13:58:14.815293004Z,2024-11-06T13:58:14.815293004Z,2024-10-28T17:19:32.323Z,2546161408,parent,Tracking_comp,Printer_9,2546161408
2024-10-07T13:58:14.815293004Z,2024-11-06T13:58:14.815293004Z,2024-10-28T15:46:05.021Z,Printer_9,child,Tracking_comp,Printer_9,3DOR100029
2024-10-07T13:58:14.815293004Z,2024-11-06T13:58:14.815293004Z,2024-10-28T15:46:05.021Z,3DOR100029,parent,Tracking_comp,Printer_9,3DOR100029
2024-10-07T13:58:14.815293004Z,2024-11-06T13:58:14.815293004Z,2024-10-28T13:14:58.772Z,Printer_9,child,Tracking_comp,Printer_9,ABSM0009
2024-10-07T13:58:14.815293004Z,2024-11-06T13:58:14.815293004Z,2024-10-28T13:14:58.772Z,ABSM0009,parent,Tracking_comp,Printer_9,ABSM0009